Timestamp,Experiment,Epoch,Top1_Acc,Top5_Acc,WorkDir
2026-01-24 18:42:04,bdsl_pose_lstm,1,0.0510,0.1627,./work_dir/bdsl_pose_lstm
2026-01-24 18:42:33,bdsl_pose_lstm,3,0.0655,0.2401,./work_dir/bdsl_pose_lstm
2026-01-24 18:43:01,bdsl_pose_lstm,5,0.0612,0.2363,./work_dir/bdsl_pose_lstm
2026-01-24 18:43:30,bdsl_pose_lstm,7,0.0822,0.3233,./work_dir/bdsl_pose_lstm
2026-01-24 18:43:59,bdsl_pose_lstm,9,0.0977,0.3373,./work_dir/bdsl_pose_lstm
2026-01-24 18:44:29,bdsl_pose_lstm,11,0.1106,0.4178,./work_dir/bdsl_pose_lstm
2026-01-24 18:44:57,bdsl_pose_lstm,13,0.1369,0.4366,./work_dir/bdsl_pose_lstm
2026-01-24 18:45:25,bdsl_pose_lstm,15,0.1369,0.4597,./work_dir/bdsl_pose_lstm
2026-01-24 18:45:54,bdsl_pose_lstm,17,0.1316,0.4817,./work_dir/bdsl_pose_lstm
2026-01-24 18:46:23,bdsl_pose_lstm,19,0.1445,0.4807,./work_dir/bdsl_pose_lstm
2026-01-24 18:46:53,bdsl_pose_lstm,21,0.1472,0.4538,./work_dir/bdsl_pose_lstm
2026-01-24 18:47:22,bdsl_pose_lstm,23,0.1563,0.4871,./work_dir/bdsl_pose_lstm
2026-01-24 18:47:53,bdsl_pose_lstm,25,0.1590,0.4871,./work_dir/bdsl_pose_lstm
2026-01-24 18:48:23,bdsl_pose_lstm,27,0.1692,0.5081,./work_dir/bdsl_pose_lstm
2026-01-24 18:48:53,bdsl_pose_lstm,29,0.1246,0.4313,./work_dir/bdsl_pose_lstm
2026-01-24 18:49:23,bdsl_pose_lstm,31,0.1348,0.4774,./work_dir/bdsl_pose_lstm
2026-01-24 18:51:33,bdsl_pose_lstm,33,0.1515,0.4801,./work_dir/bdsl_pose_lstm
2026-01-24 18:53:56,bdsl_pose_lstm,35,0.1541,0.4893,./work_dir/bdsl_pose_lstm
2026-01-24 18:56:17,bdsl_pose_lstm,37,0.1595,0.4973,./work_dir/bdsl_pose_lstm
2026-01-24 18:58:38,bdsl_pose_lstm,39,0.1697,0.5290,./work_dir/bdsl_pose_lstm
2026-01-24 19:01:00,bdsl_pose_lstm,41,0.1665,0.5027,./work_dir/bdsl_pose_lstm
2026-01-24 19:03:22,bdsl_pose_lstm,43,0.1584,0.5333,./work_dir/bdsl_pose_lstm
2026-01-24 19:05:44,bdsl_pose_lstm,45,0.1815,0.5430,./work_dir/bdsl_pose_lstm
2026-01-24 19:08:05,bdsl_pose_lstm,47,0.1858,0.5328,./work_dir/bdsl_pose_lstm
2026-01-24 19:10:27,bdsl_pose_lstm,49,0.1928,0.5499,./work_dir/bdsl_pose_lstm
2026-01-24 19:12:47,bdsl_pose_lstm,51,0.2186,0.5553,./work_dir/bdsl_pose_lstm
2026-01-24 19:15:08,bdsl_pose_lstm,53,0.2116,0.5752,./work_dir/bdsl_pose_lstm
2026-01-24 19:16:59,bdsl_pose_lstm,55,0.2186,0.5983,./work_dir/bdsl_pose_lstm
2026-01-24 19:19:19,bdsl_pose_lstm,57,0.2352,0.5918,./work_dir/bdsl_pose_lstm
2026-01-24 19:21:40,bdsl_pose_lstm,59,0.2164,0.5865,./work_dir/bdsl_pose_lstm
2026-01-24 19:24:00,bdsl_pose_lstm,61,0.2487,0.6402,./work_dir/bdsl_pose_lstm
2026-01-24 19:26:22,bdsl_pose_lstm,63,0.2567,0.6450,./work_dir/bdsl_pose_lstm
2026-01-24 19:28:43,bdsl_pose_lstm,65,0.2583,0.6472,./work_dir/bdsl_pose_lstm
2026-01-24 19:31:04,bdsl_pose_lstm,67,0.2658,0.6493,./work_dir/bdsl_pose_lstm
2026-01-24 19:33:29,bdsl_pose_lstm,69,0.2669,0.6498,./work_dir/bdsl_pose_lstm
2026-01-24 19:35:52,bdsl_pose_lstm,71,0.2771,0.6622,./work_dir/bdsl_pose_lstm
2026-01-24 19:38:12,bdsl_pose_lstm,73,0.2927,0.6563,./work_dir/bdsl_pose_lstm
2026-01-24 19:40:35,bdsl_pose_lstm,75,0.2734,0.6676,./work_dir/bdsl_pose_lstm
2026-01-24 19:42:56,bdsl_pose_lstm,77,0.2739,0.6713,./work_dir/bdsl_pose_lstm
2026-01-24 19:44:52,bdsl_pose_lstm,79,0.2900,0.6788,./work_dir/bdsl_pose_lstm
2026-01-24 19:47:12,bdsl_pose_lstm,81,0.2900,0.6837,./work_dir/bdsl_pose_lstm
2026-01-24 19:49:36,bdsl_pose_lstm,83,0.2879,0.6745,./work_dir/bdsl_pose_lstm
2026-01-24 19:52:02,bdsl_pose_lstm,85,0.2857,0.6772,./work_dir/bdsl_pose_lstm
2026-01-24 19:54:23,bdsl_pose_lstm,87,0.2981,0.6799,./work_dir/bdsl_pose_lstm
2026-01-24 19:56:39,bdsl_pose_lstm,89,0.2836,0.6821,./work_dir/bdsl_pose_lstm
2026-01-24 19:58:54,bdsl_pose_lstm,91,0.2911,0.6772,./work_dir/bdsl_pose_lstm
2026-01-24 20:27:42,bdsl_pose_lstm,1,0.0510,0.1627,./work_dir/bdsl_pose_lstm
2026-01-24 20:30:01,bdsl_pose_lstm,3,0.0655,0.2401,./work_dir/bdsl_pose_lstm
2026-01-24 20:32:32,bdsl_pose_lstm,5,0.0612,0.2363,./work_dir/bdsl_pose_lstm
2026-01-24 20:35:05,bdsl_pose_lstm,7,0.0822,0.3233,./work_dir/bdsl_pose_lstm
2026-01-24 20:37:18,bdsl_pose_lstm,9,0.0977,0.3373,./work_dir/bdsl_pose_lstm
2026-01-24 20:39:54,bdsl_pose_lstm,11,0.1106,0.4178,./work_dir/bdsl_pose_lstm
2026-01-24 20:42:27,bdsl_pose_lstm,13,0.1369,0.4366,./work_dir/bdsl_pose_lstm
2026-01-24 20:44:58,bdsl_pose_lstm,15,0.1369,0.4597,./work_dir/bdsl_pose_lstm
2026-01-24 20:47:30,bdsl_pose_lstm,17,0.1316,0.4817,./work_dir/bdsl_pose_lstm
2026-01-24 20:50:03,bdsl_pose_lstm,19,0.1445,0.4807,./work_dir/bdsl_pose_lstm
2026-01-24 20:52:36,bdsl_pose_lstm,21,0.1472,0.4538,./work_dir/bdsl_pose_lstm
2026-01-24 20:55:07,bdsl_pose_lstm,23,0.1563,0.4871,./work_dir/bdsl_pose_lstm
2026-01-24 20:57:38,bdsl_pose_lstm,25,0.1590,0.4871,./work_dir/bdsl_pose_lstm
2026-01-24 21:00:16,bdsl_pose_lstm,27,0.1692,0.5081,./work_dir/bdsl_pose_lstm
2026-01-24 21:02:52,bdsl_pose_lstm,29,0.1246,0.4313,./work_dir/bdsl_pose_lstm
2026-01-24 21:05:07,bdsl_pose_lstm,31,0.1348,0.4774,./work_dir/bdsl_pose_lstm
2026-01-24 21:07:46,bdsl_pose_lstm,33,0.1515,0.4801,./work_dir/bdsl_pose_lstm
2026-01-24 21:10:25,bdsl_pose_lstm,35,0.1541,0.4893,./work_dir/bdsl_pose_lstm
2026-01-24 21:12:56,bdsl_pose_lstm,37,0.1595,0.4973,./work_dir/bdsl_pose_lstm
2026-01-24 21:15:34,bdsl_pose_lstm,39,0.1697,0.5290,./work_dir/bdsl_pose_lstm
2026-01-24 21:18:12,bdsl_pose_lstm,41,0.1665,0.5027,./work_dir/bdsl_pose_lstm
2026-01-24 21:20:47,bdsl_pose_lstm,43,0.1584,0.5333,./work_dir/bdsl_pose_lstm
2026-01-24 21:23:22,bdsl_pose_lstm,45,0.1815,0.5430,./work_dir/bdsl_pose_lstm
2026-01-24 21:26:03,bdsl_pose_lstm,47,0.1858,0.5328,./work_dir/bdsl_pose_lstm
2026-01-24 21:28:45,bdsl_pose_lstm,49,0.1928,0.5499,./work_dir/bdsl_pose_lstm
2026-01-24 21:31:09,bdsl_pose_lstm,51,0.2186,0.5553,./work_dir/bdsl_pose_lstm
2026-01-24 21:33:42,bdsl_pose_lstm,53,0.2116,0.5752,./work_dir/bdsl_pose_lstm
2026-01-24 21:36:23,bdsl_pose_lstm,55,0.2186,0.5983,./work_dir/bdsl_pose_lstm
2026-01-24 21:39:04,bdsl_pose_lstm,57,0.2352,0.5918,./work_dir/bdsl_pose_lstm
2026-01-24 21:41:45,bdsl_pose_lstm,59,0.2164,0.5865,./work_dir/bdsl_pose_lstm
2026-01-24 21:44:25,bdsl_pose_lstm,61,0.2487,0.6402,./work_dir/bdsl_pose_lstm
2026-01-24 21:47:03,bdsl_pose_lstm,63,0.2567,0.6450,./work_dir/bdsl_pose_lstm
2026-01-24 21:49:43,bdsl_pose_lstm,65,0.2583,0.6472,./work_dir/bdsl_pose_lstm
2026-01-24 21:52:25,bdsl_pose_lstm,67,0.2658,0.6493,./work_dir/bdsl_pose_lstm
2026-01-24 21:55:06,bdsl_pose_lstm,69,0.2669,0.6498,./work_dir/bdsl_pose_lstm
2026-01-24 21:57:46,bdsl_pose_lstm,71,0.2771,0.6622,./work_dir/bdsl_pose_lstm
2026-01-24 22:00:02,bdsl_pose_lstm,73,0.2927,0.6563,./work_dir/bdsl_pose_lstm
2026-01-24 22:02:28,bdsl_pose_lstm,75,0.2734,0.6676,./work_dir/bdsl_pose_lstm
2026-01-24 22:04:58,bdsl_pose_lstm,77,0.2739,0.6713,./work_dir/bdsl_pose_lstm
2026-01-24 22:07:27,bdsl_pose_lstm,79,0.2900,0.6788,./work_dir/bdsl_pose_lstm
2026-01-24 22:09:56,bdsl_pose_lstm,81,0.2900,0.6837,./work_dir/bdsl_pose_lstm
2026-01-24 22:12:27,bdsl_pose_lstm,83,0.2879,0.6745,./work_dir/bdsl_pose_lstm
2026-01-24 22:15:01,bdsl_pose_lstm,85,0.2857,0.6772,./work_dir/bdsl_pose_lstm
2026-01-24 22:17:33,bdsl_pose_lstm,87,0.2981,0.6799,./work_dir/bdsl_pose_lstm
2026-01-24 22:20:03,bdsl_pose_lstm,89,0.2836,0.6821,./work_dir/bdsl_pose_lstm
2026-01-24 22:22:35,bdsl_pose_lstm,91,0.2911,0.6772,./work_dir/bdsl_pose_lstm
2026-01-24 22:25:06,bdsl_pose_lstm,93,0.2943,0.6815,./work_dir/bdsl_pose_lstm
2026-01-24 22:27:08,bdsl_pose_lstm,95,0.2943,0.6778,./work_dir/bdsl_pose_lstm
2026-01-24 22:29:39,bdsl_pose_lstm,97,0.2975,0.6853,./work_dir/bdsl_pose_lstm
2026-01-24 22:32:11,bdsl_pose_lstm,99,0.2997,0.6853,./work_dir/bdsl_pose_lstm
2026-01-24 22:34:00,bdsl_img_pose_lstm,1,0.0517,0.2090,./work_dir/bdsl_img_pose_lstm
2026-01-24 22:35:38,bdsl_img_pose_lstm,3,0.0694,0.2716,./work_dir/bdsl_img_pose_lstm
2026-01-24 22:37:15,bdsl_img_pose_lstm,5,0.0647,0.2961,./work_dir/bdsl_img_pose_lstm
2026-01-24 22:38:51,bdsl_img_pose_lstm,7,0.0776,0.3016,./work_dir/bdsl_img_pose_lstm
2026-01-24 22:40:26,bdsl_img_pose_lstm,9,0.0837,0.3009,./work_dir/bdsl_img_pose_lstm
2026-01-24 22:42:02,bdsl_img_pose_lstm,11,0.0905,0.3070,./work_dir/bdsl_img_pose_lstm
2026-01-24 22:43:39,bdsl_img_pose_lstm,13,0.0994,0.3022,./work_dir/bdsl_img_pose_lstm
2026-01-24 22:45:14,bdsl_img_pose_lstm,15,0.0892,0.3315,./work_dir/bdsl_img_pose_lstm
2026-01-24 22:46:49,bdsl_img_pose_lstm,17,0.0980,0.3247,./work_dir/bdsl_img_pose_lstm
2026-01-24 22:48:25,bdsl_img_pose_lstm,19,0.0953,0.3131,./work_dir/bdsl_img_pose_lstm
2026-01-24 22:50:02,bdsl_img_pose_lstm,21,0.1001,0.3193,./work_dir/bdsl_img_pose_lstm
2026-01-24 22:51:39,bdsl_img_pose_lstm,23,0.1001,0.3288,./work_dir/bdsl_img_pose_lstm
2026-01-24 22:53:19,bdsl_img_pose_lstm,25,0.1076,0.3356,./work_dir/bdsl_img_pose_lstm
2026-01-24 22:54:35,bdsl_img_pose_lstm,27,0.1001,0.3070,./work_dir/bdsl_img_pose_lstm
2026-01-24 22:55:46,bdsl_img_pose_lstm,29,0.1042,0.3043,./work_dir/bdsl_img_pose_lstm
2026-01-24 22:57:27,bdsl_img_pose_lstm,31,0.1048,0.3295,./work_dir/bdsl_img_pose_lstm
2026-01-24 22:59:03,bdsl_img_pose_lstm,33,0.1048,0.3233,./work_dir/bdsl_img_pose_lstm
2026-01-24 23:00:40,bdsl_img_pose_lstm,35,0.1035,0.3029,./work_dir/bdsl_img_pose_lstm
2026-01-24 23:02:17,bdsl_img_pose_lstm,37,0.1035,0.3438,./work_dir/bdsl_img_pose_lstm
2026-01-24 23:03:54,bdsl_img_pose_lstm,39,0.0980,0.3363,./work_dir/bdsl_img_pose_lstm
2026-01-24 23:05:35,bdsl_img_pose_lstm,41,0.1042,0.3261,./work_dir/bdsl_img_pose_lstm
2026-01-24 23:07:14,bdsl_img_pose_lstm,43,0.0973,0.3363,./work_dir/bdsl_img_pose_lstm
2026-01-24 23:08:50,bdsl_img_pose_lstm,45,0.1062,0.3410,./work_dir/bdsl_img_pose_lstm
2026-01-24 23:10:27,bdsl_img_pose_lstm,47,0.1130,0.3281,./work_dir/bdsl_img_pose_lstm
2026-01-24 23:12:07,bdsl_img_pose_lstm,49,0.1014,0.3254,./work_dir/bdsl_img_pose_lstm
2026-01-24 23:13:43,bdsl_img_pose_lstm,51,0.0994,0.3376,./work_dir/bdsl_img_pose_lstm
2026-01-24 23:15:17,bdsl_img_pose_lstm,53,0.1042,0.3499,./work_dir/bdsl_img_pose_lstm
2026-01-24 23:16:55,bdsl_img_pose_lstm,55,0.1062,0.3383,./work_dir/bdsl_img_pose_lstm
2026-01-24 23:18:32,bdsl_img_pose_lstm,57,0.1144,0.3356,./work_dir/bdsl_img_pose_lstm
2026-01-24 23:20:12,bdsl_img_pose_lstm,59,0.1076,0.3431,./work_dir/bdsl_img_pose_lstm
2026-01-24 23:21:50,bdsl_img_pose_lstm,61,0.1184,0.3635,./work_dir/bdsl_img_pose_lstm
2026-01-24 23:23:17,bdsl_img_pose_lstm,63,0.1103,0.3506,./work_dir/bdsl_img_pose_lstm
2026-01-24 23:24:21,bdsl_img_pose_lstm,65,0.1150,0.3608,./work_dir/bdsl_img_pose_lstm
2026-01-24 23:25:59,bdsl_img_pose_lstm,67,0.1096,0.3519,./work_dir/bdsl_img_pose_lstm
2026-01-24 23:27:37,bdsl_img_pose_lstm,69,0.1116,0.3622,./work_dir/bdsl_img_pose_lstm
2026-01-24 23:29:18,bdsl_img_pose_lstm,71,0.1191,0.3669,./work_dir/bdsl_img_pose_lstm
2026-01-24 23:30:56,bdsl_img_pose_lstm,73,0.1116,0.3472,./work_dir/bdsl_img_pose_lstm
2026-01-24 23:32:38,bdsl_img_pose_lstm,75,0.1144,0.3601,./work_dir/bdsl_img_pose_lstm
2026-01-24 23:34:16,bdsl_img_pose_lstm,77,0.1225,0.3696,./work_dir/bdsl_img_pose_lstm
2026-01-24 23:35:53,bdsl_img_pose_lstm,79,0.1116,0.3547,./work_dir/bdsl_img_pose_lstm
2026-01-24 23:37:30,bdsl_img_pose_lstm,81,0.1103,0.3479,./work_dir/bdsl_img_pose_lstm
2026-01-24 23:39:06,bdsl_img_pose_lstm,83,0.1198,0.3608,./work_dir/bdsl_img_pose_lstm
2026-01-24 23:40:44,bdsl_img_pose_lstm,85,0.1130,0.3417,./work_dir/bdsl_img_pose_lstm
2026-01-24 23:42:22,bdsl_img_pose_lstm,87,0.1096,0.3594,./work_dir/bdsl_img_pose_lstm
2026-01-24 23:44:00,bdsl_img_pose_lstm,89,0.1130,0.3615,./work_dir/bdsl_img_pose_lstm
2026-01-24 23:45:37,bdsl_img_pose_lstm,91,0.1150,0.3465,./work_dir/bdsl_img_pose_lstm
2026-01-24 23:47:14,bdsl_img_pose_lstm,93,0.1171,0.3547,./work_dir/bdsl_img_pose_lstm
2026-01-24 23:48:56,bdsl_img_pose_lstm,95,0.1178,0.3519,./work_dir/bdsl_img_pose_lstm
2026-01-24 23:50:33,bdsl_img_pose_lstm,97,0.1205,0.3533,./work_dir/bdsl_img_pose_lstm
2026-01-24 23:52:05,bdsl_img_pose_lstm,99,0.1164,0.3601,./work_dir/bdsl_img_pose_lstm
2026-01-24 23:53:42,bdsl_st_gcn_vanilla,1,0.0747,0.3453,./work_dir/bdsl_st_gcn_vanilla
2026-01-24 23:55:23,bdsl_st_gcn_vanilla,3,0.1122,0.4393,./work_dir/bdsl_st_gcn_vanilla
2026-01-24 23:57:04,bdsl_st_gcn_vanilla,5,0.1289,0.4774,./work_dir/bdsl_st_gcn_vanilla
2026-01-24 23:58:45,bdsl_st_gcn_vanilla,7,0.1434,0.4425,./work_dir/bdsl_st_gcn_vanilla
2026-01-25 00:00:26,bdsl_st_gcn_vanilla,9,0.1509,0.4839,./work_dir/bdsl_st_gcn_vanilla
2026-01-25 00:02:05,bdsl_st_gcn_vanilla,11,0.1971,0.5537,./work_dir/bdsl_st_gcn_vanilla
2026-01-25 00:03:45,bdsl_st_gcn_vanilla,13,0.1128,0.3749,./work_dir/bdsl_st_gcn_vanilla
2026-01-25 00:05:24,bdsl_st_gcn_vanilla,15,0.1439,0.4436,./work_dir/bdsl_st_gcn_vanilla
2026-01-25 00:07:04,bdsl_st_gcn_vanilla,17,0.1649,0.4855,./work_dir/bdsl_st_gcn_vanilla
2026-01-25 00:08:44,bdsl_st_gcn_vanilla,19,0.2701,0.6316,./work_dir/bdsl_st_gcn_vanilla
2026-01-25 00:10:24,bdsl_st_gcn_vanilla,21,0.3029,0.6858,./work_dir/bdsl_st_gcn_vanilla
2026-01-25 00:12:04,bdsl_st_gcn_vanilla,23,0.4484,0.7900,./work_dir/bdsl_st_gcn_vanilla
2026-01-25 00:13:44,bdsl_st_gcn_vanilla,25,0.3228,0.6740,./work_dir/bdsl_st_gcn_vanilla
2026-01-25 00:15:25,bdsl_st_gcn_vanilla,27,0.5961,0.9049,./work_dir/bdsl_st_gcn_vanilla
2026-01-25 00:17:05,bdsl_st_gcn_vanilla,29,0.4296,0.8061,./work_dir/bdsl_st_gcn_vanilla
2026-01-25 00:18:46,bdsl_st_gcn_vanilla,31,0.6525,0.9339,./work_dir/bdsl_st_gcn_vanilla
2026-01-25 00:20:27,bdsl_st_gcn_vanilla,33,0.6826,0.9377,./work_dir/bdsl_st_gcn_vanilla
2026-01-25 00:22:08,bdsl_st_gcn_vanilla,35,0.7046,0.9479,./work_dir/bdsl_st_gcn_vanilla
2026-01-25 00:23:49,bdsl_st_gcn_vanilla,37,0.7970,0.9796,./work_dir/bdsl_st_gcn_vanilla
2026-01-25 00:25:30,bdsl_st_gcn_vanilla,39,0.7938,0.9715,./work_dir/bdsl_st_gcn_vanilla
2026-01-25 00:26:52,bdsl_st_gcn_vanilla,41,0.8362,0.9823,./work_dir/bdsl_st_gcn_vanilla
2026-01-25 00:28:28,bdsl_st_gcn_vanilla,43,0.8421,0.9817,./work_dir/bdsl_st_gcn_vanilla
2026-01-25 00:30:10,bdsl_st_gcn_vanilla,45,0.8260,0.9791,./work_dir/bdsl_st_gcn_vanilla
2026-01-25 00:31:53,bdsl_st_gcn_vanilla,47,0.8593,0.9828,./work_dir/bdsl_st_gcn_vanilla
2026-01-25 00:33:35,bdsl_st_gcn_vanilla,49,0.8749,0.9839,./work_dir/bdsl_st_gcn_vanilla
2026-01-25 00:35:18,bdsl_st_gcn_vanilla,51,0.8743,0.9844,./work_dir/bdsl_st_gcn_vanilla
2026-01-25 00:37:00,bdsl_st_gcn_vanilla,53,0.8432,0.9796,./work_dir/bdsl_st_gcn_vanilla
2026-01-25 00:38:43,bdsl_st_gcn_vanilla,55,0.8792,0.9844,./work_dir/bdsl_st_gcn_vanilla
2026-01-25 00:40:25,bdsl_st_gcn_vanilla,57,0.8878,0.9828,./work_dir/bdsl_st_gcn_vanilla
2026-01-25 00:42:07,bdsl_st_gcn_vanilla,59,0.8706,0.9823,./work_dir/bdsl_st_gcn_vanilla
2026-01-25 00:43:49,bdsl_st_gcn_vanilla,61,0.9253,0.9898,./work_dir/bdsl_st_gcn_vanilla
2026-01-25 00:45:32,bdsl_st_gcn_vanilla,63,0.9291,0.9909,./work_dir/bdsl_st_gcn_vanilla
2026-01-25 00:47:14,bdsl_st_gcn_vanilla,65,0.9334,0.9914,./work_dir/bdsl_st_gcn_vanilla
2026-01-25 00:48:56,bdsl_st_gcn_vanilla,67,0.9286,0.9914,./work_dir/bdsl_st_gcn_vanilla
2026-01-25 00:50:39,bdsl_st_gcn_vanilla,69,0.9307,0.9919,./work_dir/bdsl_st_gcn_vanilla
2026-01-25 00:52:21,bdsl_st_gcn_vanilla,71,0.9329,0.9903,./work_dir/bdsl_st_gcn_vanilla
2026-01-25 00:54:03,bdsl_st_gcn_vanilla,73,0.9372,0.9909,./work_dir/bdsl_st_gcn_vanilla
2026-01-25 00:55:46,bdsl_st_gcn_vanilla,75,0.9415,0.9903,./work_dir/bdsl_st_gcn_vanilla
2026-01-25 00:57:28,bdsl_st_gcn_vanilla,77,0.9398,0.9909,./work_dir/bdsl_st_gcn_vanilla
2026-01-25 00:59:10,bdsl_st_gcn_vanilla,79,0.9345,0.9898,./work_dir/bdsl_st_gcn_vanilla
2026-01-25 01:00:40,bdsl_st_gcn_vanilla,81,0.9377,0.9919,./work_dir/bdsl_st_gcn_vanilla
2026-01-25 01:02:07,bdsl_st_gcn_vanilla,83,0.9361,0.9898,./work_dir/bdsl_st_gcn_vanilla
2026-01-25 01:03:50,bdsl_st_gcn_vanilla,85,0.9361,0.9893,./work_dir/bdsl_st_gcn_vanilla
2026-01-25 01:05:32,bdsl_st_gcn_vanilla,87,0.9398,0.9914,./work_dir/bdsl_st_gcn_vanilla
2026-01-25 01:07:14,bdsl_st_gcn_vanilla,89,0.9393,0.9909,./work_dir/bdsl_st_gcn_vanilla
2026-01-25 01:08:57,bdsl_st_gcn_vanilla,91,0.9350,0.9898,./work_dir/bdsl_st_gcn_vanilla
2026-01-25 01:10:39,bdsl_st_gcn_vanilla,93,0.9356,0.9914,./work_dir/bdsl_st_gcn_vanilla
2026-01-25 01:12:20,bdsl_st_gcn_vanilla,95,0.9388,0.9903,./work_dir/bdsl_st_gcn_vanilla
2026-01-25 01:14:01,bdsl_st_gcn_vanilla,97,0.9339,0.9914,./work_dir/bdsl_st_gcn_vanilla
2026-01-25 01:15:42,bdsl_st_gcn_vanilla,99,0.9388,0.9909,./work_dir/bdsl_st_gcn_vanilla
2026-01-25 01:17:18,bdsl_img_st_gcn_vanilla,1,0.0660,0.2457,./work_dir/bdsl_img_st_gcn_vanilla
2026-01-25 01:18:42,bdsl_img_st_gcn_vanilla,3,0.0640,0.2478,./work_dir/bdsl_img_st_gcn_vanilla
2026-01-25 01:20:05,bdsl_img_st_gcn_vanilla,5,0.0619,0.2777,./work_dir/bdsl_img_st_gcn_vanilla
2026-01-25 01:21:28,bdsl_img_st_gcn_vanilla,7,0.0640,0.2975,./work_dir/bdsl_img_st_gcn_vanilla
2026-01-25 01:22:51,bdsl_img_st_gcn_vanilla,9,0.0708,0.2900,./work_dir/bdsl_img_st_gcn_vanilla
2026-01-25 01:24:15,bdsl_img_st_gcn_vanilla,11,0.0776,0.3152,./work_dir/bdsl_img_st_gcn_vanilla
2026-01-25 01:25:39,bdsl_img_st_gcn_vanilla,13,0.0967,0.3138,./work_dir/bdsl_img_st_gcn_vanilla
2026-01-25 01:27:02,bdsl_img_st_gcn_vanilla,15,0.0919,0.3138,./work_dir/bdsl_img_st_gcn_vanilla
2026-01-25 01:28:26,bdsl_img_st_gcn_vanilla,17,0.0905,0.3063,./work_dir/bdsl_img_st_gcn_vanilla
2026-01-25 01:29:50,bdsl_img_st_gcn_vanilla,19,0.0980,0.3104,./work_dir/bdsl_img_st_gcn_vanilla
2026-01-25 01:31:13,bdsl_img_st_gcn_vanilla,21,0.0946,0.3349,./work_dir/bdsl_img_st_gcn_vanilla
2026-01-25 01:32:37,bdsl_img_st_gcn_vanilla,23,0.1062,0.3410,./work_dir/bdsl_img_st_gcn_vanilla
2026-01-25 01:33:59,bdsl_img_st_gcn_vanilla,25,0.0824,0.3131,./work_dir/bdsl_img_st_gcn_vanilla
2026-01-25 01:35:02,bdsl_img_st_gcn_vanilla,27,0.0885,0.3193,./work_dir/bdsl_img_st_gcn_vanilla
2026-01-25 01:36:17,bdsl_img_st_gcn_vanilla,29,0.1123,0.3336,./work_dir/bdsl_img_st_gcn_vanilla
2026-01-25 01:37:40,bdsl_img_st_gcn_vanilla,31,0.0892,0.2982,./work_dir/bdsl_img_st_gcn_vanilla
2026-01-25 01:39:03,bdsl_img_st_gcn_vanilla,33,0.1021,0.3302,./work_dir/bdsl_img_st_gcn_vanilla
2026-01-25 01:40:26,bdsl_img_st_gcn_vanilla,35,0.0973,0.3329,./work_dir/bdsl_img_st_gcn_vanilla
2026-01-25 01:41:49,bdsl_img_st_gcn_vanilla,37,0.0790,0.2907,./work_dir/bdsl_img_st_gcn_vanilla
2026-01-25 01:43:12,bdsl_img_st_gcn_vanilla,39,0.0899,0.3145,./work_dir/bdsl_img_st_gcn_vanilla
2026-01-25 01:44:35,bdsl_img_st_gcn_vanilla,41,0.0939,0.3009,./work_dir/bdsl_img_st_gcn_vanilla
2026-01-25 01:45:58,bdsl_img_st_gcn_vanilla,43,0.0885,0.3131,./work_dir/bdsl_img_st_gcn_vanilla
2026-01-25 01:47:21,bdsl_img_st_gcn_vanilla,45,0.0865,0.3152,./work_dir/bdsl_img_st_gcn_vanilla
2026-01-25 01:48:44,bdsl_img_st_gcn_vanilla,47,0.1069,0.3458,./work_dir/bdsl_img_st_gcn_vanilla
2026-01-25 01:50:07,bdsl_img_st_gcn_vanilla,49,0.1021,0.3227,./work_dir/bdsl_img_st_gcn_vanilla
2026-01-25 01:51:30,bdsl_img_st_gcn_vanilla,51,0.0919,0.3206,./work_dir/bdsl_img_st_gcn_vanilla
2026-01-25 01:52:53,bdsl_img_st_gcn_vanilla,53,0.1137,0.3513,./work_dir/bdsl_img_st_gcn_vanilla
2026-01-25 01:54:16,bdsl_img_st_gcn_vanilla,55,0.1021,0.3247,./work_dir/bdsl_img_st_gcn_vanilla
2026-01-25 01:55:39,bdsl_img_st_gcn_vanilla,57,0.0946,0.3336,./work_dir/bdsl_img_st_gcn_vanilla
2026-01-25 01:57:02,bdsl_img_st_gcn_vanilla,59,0.0844,0.2968,./work_dir/bdsl_img_st_gcn_vanilla
2026-01-25 01:58:25,bdsl_img_st_gcn_vanilla,61,0.1042,0.3329,./work_dir/bdsl_img_st_gcn_vanilla
2026-01-25 01:59:48,bdsl_img_st_gcn_vanilla,63,0.1069,0.3322,./work_dir/bdsl_img_st_gcn_vanilla
2026-01-25 02:01:11,bdsl_img_st_gcn_vanilla,65,0.1021,0.3376,./work_dir/bdsl_img_st_gcn_vanilla
2026-01-25 02:02:34,bdsl_img_st_gcn_vanilla,67,0.0960,0.3193,./work_dir/bdsl_img_st_gcn_vanilla
2026-01-25 02:03:57,bdsl_img_st_gcn_vanilla,69,0.1035,0.3247,./work_dir/bdsl_img_st_gcn_vanilla
2026-01-25 02:05:20,bdsl_img_st_gcn_vanilla,71,0.0967,0.3138,./work_dir/bdsl_img_st_gcn_vanilla
2026-01-25 02:06:43,bdsl_img_st_gcn_vanilla,73,0.0939,0.3193,./work_dir/bdsl_img_st_gcn_vanilla
2026-01-25 02:08:00,bdsl_img_st_gcn_vanilla,75,0.1001,0.3404,./work_dir/bdsl_img_st_gcn_vanilla
2026-01-25 02:09:06,bdsl_img_st_gcn_vanilla,77,0.0973,0.3138,./work_dir/bdsl_img_st_gcn_vanilla
2026-01-25 02:10:28,bdsl_img_st_gcn_vanilla,79,0.1062,0.3417,./work_dir/bdsl_img_st_gcn_vanilla
2026-01-25 02:11:51,bdsl_img_st_gcn_vanilla,81,0.0987,0.3315,./work_dir/bdsl_img_st_gcn_vanilla
2026-01-25 02:13:14,bdsl_img_st_gcn_vanilla,83,0.0939,0.3315,./work_dir/bdsl_img_st_gcn_vanilla
2026-01-25 02:14:37,bdsl_img_st_gcn_vanilla,85,0.1116,0.3322,./work_dir/bdsl_img_st_gcn_vanilla
2026-01-25 02:16:00,bdsl_img_st_gcn_vanilla,87,0.1062,0.3220,./work_dir/bdsl_img_st_gcn_vanilla
2026-01-25 02:17:23,bdsl_img_st_gcn_vanilla,89,0.1103,0.3274,./work_dir/bdsl_img_st_gcn_vanilla
2026-01-25 02:18:46,bdsl_img_st_gcn_vanilla,91,0.1076,0.3472,./work_dir/bdsl_img_st_gcn_vanilla
2026-01-25 02:20:09,bdsl_img_st_gcn_vanilla,93,0.1062,0.3356,./work_dir/bdsl_img_st_gcn_vanilla
2026-01-25 02:21:32,bdsl_img_st_gcn_vanilla,95,0.1014,0.3274,./work_dir/bdsl_img_st_gcn_vanilla
2026-01-25 02:22:55,bdsl_img_st_gcn_vanilla,97,0.1021,0.3206,./work_dir/bdsl_img_st_gcn_vanilla
2026-01-25 02:24:18,bdsl_img_st_gcn_vanilla,99,0.1089,0.3404,./work_dir/bdsl_img_st_gcn_vanilla
2026-01-25 04:13:37,bdsl_graph,9,0.1574,0.4699,./work_dir/bdsl_graph
2026-01-25 06:03:20,bdsl_graph,19,0.1327,0.3899,./work_dir/bdsl_graph
2026-01-25 07:42:15,bdsl_graph,29,0.5134,0.8878,./work_dir/bdsl_graph
2026-01-25 09:28:46,bdsl_graph,39,0.7589,0.9683,./work_dir/bdsl_graph
2026-01-25 11:15:06,bdsl_graph,49,0.8303,0.9866,./work_dir/bdsl_graph
2026-01-25 13:01:10,bdsl_graph,59,0.8867,0.9909,./work_dir/bdsl_graph
2026-01-25 14:49:02,bdsl_graph,69,0.9517,0.9936,./work_dir/bdsl_graph
2026-01-25 16:38:46,bdsl_graph,79,0.9549,0.9930,./work_dir/bdsl_graph
2026-01-25 18:28:40,bdsl_graph,89,0.9544,0.9946,./work_dir/bdsl_graph
2026-01-25 20:18:28,bdsl_graph,99,0.9533,0.9941,./work_dir/bdsl_graph
2026-01-25 20:34:05,bdsl_img_bone,1,0.1341,0.3941,./work_dir/bdsl_img_bone
2026-01-25 20:38:51,bdsl_img_bone,3,0.1926,0.5140,./work_dir/bdsl_img_bone
2026-01-25 20:43:37,bdsl_img_bone,5,0.2396,0.5739,./work_dir/bdsl_img_bone
2026-01-25 20:48:23,bdsl_img_bone,7,0.2594,0.6222,./work_dir/bdsl_img_bone
2026-01-25 20:53:09,bdsl_img_bone,9,0.2893,0.6467,./work_dir/bdsl_img_bone
2026-01-25 20:57:55,bdsl_img_bone,11,0.1913,0.4717,./work_dir/bdsl_img_bone
2026-01-25 21:02:40,bdsl_img_bone,13,0.3022,0.6664,./work_dir/bdsl_img_bone
2026-01-25 21:07:26,bdsl_img_bone,15,0.3513,0.6855,./work_dir/bdsl_img_bone
2026-01-25 21:12:12,bdsl_img_bone,17,0.3254,0.6862,./work_dir/bdsl_img_bone
2026-01-25 21:16:58,bdsl_img_bone,19,0.3438,0.7066,./work_dir/bdsl_img_bone
2026-01-25 21:21:44,bdsl_img_bone,21,0.3465,0.7120,./work_dir/bdsl_img_bone
2026-01-25 21:26:30,bdsl_img_bone,23,0.3819,0.7236,./work_dir/bdsl_img_bone
2026-01-25 21:31:16,bdsl_img_bone,25,0.3867,0.7420,./work_dir/bdsl_img_bone
2026-01-25 21:36:02,bdsl_img_bone,27,0.4023,0.7611,./work_dir/bdsl_img_bone
2026-01-25 21:40:48,bdsl_img_bone,29,0.3873,0.7638,./work_dir/bdsl_img_bone
2026-01-25 21:45:34,bdsl_img_bone,31,0.4336,0.7699,./work_dir/bdsl_img_bone
2026-01-25 21:50:19,bdsl_img_bone,33,0.4173,0.7808,./work_dir/bdsl_img_bone
2026-01-25 21:55:06,bdsl_img_bone,35,0.4445,0.7965,./work_dir/bdsl_img_bone
2026-01-25 21:59:52,bdsl_img_bone,37,0.4411,0.7828,./work_dir/bdsl_img_bone
2026-01-25 22:04:40,bdsl_img_bone,39,0.4432,0.8074,./work_dir/bdsl_img_bone
2026-01-26 19:14:22,bdsl_pose_lstm,1,0.0510,0.1627,./work_dir/bdsl_pose_lstm
2026-01-26 19:14:51,bdsl_pose_lstm,3,0.0655,0.2401,./work_dir/bdsl_pose_lstm
2026-01-26 19:15:21,bdsl_pose_lstm,5,0.0612,0.2363,./work_dir/bdsl_pose_lstm
2026-01-26 19:15:49,bdsl_pose_lstm,7,0.0822,0.3233,./work_dir/bdsl_pose_lstm
2026-01-26 19:16:18,bdsl_pose_lstm,9,0.0977,0.3373,./work_dir/bdsl_pose_lstm
2026-01-26 19:16:48,bdsl_pose_lstm,11,0.1106,0.4178,./work_dir/bdsl_pose_lstm
2026-01-26 19:17:16,bdsl_pose_lstm,13,0.1369,0.4366,./work_dir/bdsl_pose_lstm
2026-01-26 19:17:44,bdsl_pose_lstm,15,0.1369,0.4597,./work_dir/bdsl_pose_lstm
2026-01-26 19:18:13,bdsl_pose_lstm,17,0.1316,0.4817,./work_dir/bdsl_pose_lstm
2026-01-26 19:18:41,bdsl_pose_lstm,19,0.1445,0.4807,./work_dir/bdsl_pose_lstm
2026-01-26 19:19:09,bdsl_pose_lstm,21,0.1472,0.4538,./work_dir/bdsl_pose_lstm
2026-01-26 19:19:37,bdsl_pose_lstm,23,0.1563,0.4871,./work_dir/bdsl_pose_lstm
2026-01-26 19:20:05,bdsl_pose_lstm,25,0.1590,0.4871,./work_dir/bdsl_pose_lstm
2026-01-26 19:20:33,bdsl_pose_lstm,27,0.1692,0.5081,./work_dir/bdsl_pose_lstm
2026-01-26 19:21:01,bdsl_pose_lstm,29,0.1246,0.4313,./work_dir/bdsl_pose_lstm
2026-01-26 19:21:30,bdsl_pose_lstm,31,0.1348,0.4774,./work_dir/bdsl_pose_lstm
2026-01-26 19:22:00,bdsl_pose_lstm,33,0.1515,0.4801,./work_dir/bdsl_pose_lstm
2026-01-26 19:22:31,bdsl_pose_lstm,35,0.1541,0.4893,./work_dir/bdsl_pose_lstm
2026-01-26 19:23:02,bdsl_pose_lstm,37,0.1595,0.4973,./work_dir/bdsl_pose_lstm
2026-01-26 19:23:31,bdsl_pose_lstm,39,0.1697,0.5290,./work_dir/bdsl_pose_lstm
2026-01-26 19:24:00,bdsl_pose_lstm,41,0.1665,0.5027,./work_dir/bdsl_pose_lstm
2026-01-26 19:24:28,bdsl_pose_lstm,43,0.1584,0.5333,./work_dir/bdsl_pose_lstm
2026-01-26 19:24:56,bdsl_pose_lstm,45,0.1815,0.5430,./work_dir/bdsl_pose_lstm
2026-01-26 19:25:25,bdsl_pose_lstm,47,0.1858,0.5328,./work_dir/bdsl_pose_lstm
2026-01-26 19:25:53,bdsl_pose_lstm,49,0.1928,0.5499,./work_dir/bdsl_pose_lstm
2026-01-26 19:26:23,bdsl_pose_lstm,51,0.2186,0.5553,./work_dir/bdsl_pose_lstm
2026-01-26 19:26:51,bdsl_pose_lstm,53,0.2116,0.5752,./work_dir/bdsl_pose_lstm
2026-01-26 19:27:19,bdsl_pose_lstm,55,0.2186,0.5983,./work_dir/bdsl_pose_lstm
2026-01-26 19:27:48,bdsl_pose_lstm,57,0.2352,0.5918,./work_dir/bdsl_pose_lstm
2026-01-26 19:28:18,bdsl_pose_lstm,59,0.2164,0.5865,./work_dir/bdsl_pose_lstm
2026-01-26 19:28:48,bdsl_pose_lstm,61,0.2487,0.6402,./work_dir/bdsl_pose_lstm
2026-01-26 19:29:17,bdsl_pose_lstm,63,0.2567,0.6450,./work_dir/bdsl_pose_lstm
2026-01-26 19:29:45,bdsl_pose_lstm,65,0.2583,0.6472,./work_dir/bdsl_pose_lstm
2026-01-26 19:30:14,bdsl_pose_lstm,67,0.2658,0.6493,./work_dir/bdsl_pose_lstm
2026-01-26 19:30:44,bdsl_pose_lstm,69,0.2669,0.6498,./work_dir/bdsl_pose_lstm
2026-01-26 19:31:13,bdsl_pose_lstm,71,0.2771,0.6622,./work_dir/bdsl_pose_lstm
2026-01-26 19:31:42,bdsl_pose_lstm,73,0.2927,0.6563,./work_dir/bdsl_pose_lstm
2026-01-26 19:32:11,bdsl_pose_lstm,75,0.2734,0.6676,./work_dir/bdsl_pose_lstm
2026-01-26 19:32:40,bdsl_pose_lstm,77,0.2739,0.6713,./work_dir/bdsl_pose_lstm
2026-01-26 19:33:09,bdsl_pose_lstm,79,0.2900,0.6788,./work_dir/bdsl_pose_lstm
2026-01-26 19:33:38,bdsl_pose_lstm,81,0.2900,0.6837,./work_dir/bdsl_pose_lstm
2026-01-26 19:34:07,bdsl_pose_lstm,83,0.2879,0.6745,./work_dir/bdsl_pose_lstm
2026-01-26 19:34:37,bdsl_pose_lstm,85,0.2857,0.6772,./work_dir/bdsl_pose_lstm
2026-01-26 19:35:06,bdsl_pose_lstm,87,0.2981,0.6799,./work_dir/bdsl_pose_lstm
2026-01-26 19:35:35,bdsl_pose_lstm,89,0.2836,0.6821,./work_dir/bdsl_pose_lstm
2026-01-26 19:36:04,bdsl_pose_lstm,91,0.2911,0.6772,./work_dir/bdsl_pose_lstm
2026-01-26 19:36:34,bdsl_pose_lstm,93,0.2943,0.6815,./work_dir/bdsl_pose_lstm
2026-01-26 19:37:03,bdsl_pose_lstm,95,0.2943,0.6778,./work_dir/bdsl_pose_lstm
2026-01-26 19:37:32,bdsl_pose_lstm,97,0.2975,0.6853,./work_dir/bdsl_pose_lstm
2026-01-26 19:38:02,bdsl_pose_lstm,99,0.2997,0.6853,./work_dir/bdsl_pose_lstm
2026-01-26 19:38:38,bdsl_img_pose_lstm,1,0.0517,0.2090,./work_dir/bdsl_img_pose_lstm
2026-01-26 19:39:03,bdsl_img_pose_lstm,3,0.0694,0.2716,./work_dir/bdsl_img_pose_lstm
2026-01-26 19:39:27,bdsl_img_pose_lstm,5,0.0647,0.2961,./work_dir/bdsl_img_pose_lstm
2026-01-26 19:39:52,bdsl_img_pose_lstm,7,0.0776,0.3016,./work_dir/bdsl_img_pose_lstm
2026-01-26 19:40:17,bdsl_img_pose_lstm,9,0.0837,0.3009,./work_dir/bdsl_img_pose_lstm
2026-01-26 19:40:42,bdsl_img_pose_lstm,11,0.0905,0.3070,./work_dir/bdsl_img_pose_lstm
2026-01-26 19:41:06,bdsl_img_pose_lstm,13,0.0994,0.3022,./work_dir/bdsl_img_pose_lstm
2026-01-26 19:41:31,bdsl_img_pose_lstm,15,0.0892,0.3315,./work_dir/bdsl_img_pose_lstm
2026-01-26 19:41:55,bdsl_img_pose_lstm,17,0.0980,0.3247,./work_dir/bdsl_img_pose_lstm
2026-01-26 19:42:20,bdsl_img_pose_lstm,19,0.0953,0.3131,./work_dir/bdsl_img_pose_lstm
2026-01-26 19:42:45,bdsl_img_pose_lstm,21,0.1001,0.3193,./work_dir/bdsl_img_pose_lstm
2026-01-26 19:43:09,bdsl_img_pose_lstm,23,0.1001,0.3288,./work_dir/bdsl_img_pose_lstm
2026-01-26 19:43:34,bdsl_img_pose_lstm,25,0.1076,0.3356,./work_dir/bdsl_img_pose_lstm
2026-01-26 19:43:58,bdsl_img_pose_lstm,27,0.1001,0.3070,./work_dir/bdsl_img_pose_lstm
2026-01-26 19:44:23,bdsl_img_pose_lstm,29,0.1042,0.3043,./work_dir/bdsl_img_pose_lstm
2026-01-26 19:44:48,bdsl_img_pose_lstm,31,0.1048,0.3295,./work_dir/bdsl_img_pose_lstm
2026-01-26 19:45:13,bdsl_img_pose_lstm,33,0.1048,0.3233,./work_dir/bdsl_img_pose_lstm
2026-01-26 19:45:37,bdsl_img_pose_lstm,35,0.1035,0.3029,./work_dir/bdsl_img_pose_lstm
2026-01-26 19:46:02,bdsl_img_pose_lstm,37,0.1035,0.3438,./work_dir/bdsl_img_pose_lstm
2026-01-26 19:46:27,bdsl_img_pose_lstm,39,0.0980,0.3363,./work_dir/bdsl_img_pose_lstm
2026-01-26 19:46:52,bdsl_img_pose_lstm,41,0.1042,0.3261,./work_dir/bdsl_img_pose_lstm
2026-01-26 19:47:16,bdsl_img_pose_lstm,43,0.0973,0.3363,./work_dir/bdsl_img_pose_lstm
2026-01-26 19:47:41,bdsl_img_pose_lstm,45,0.1062,0.3410,./work_dir/bdsl_img_pose_lstm
2026-01-26 19:48:05,bdsl_img_pose_lstm,47,0.1130,0.3281,./work_dir/bdsl_img_pose_lstm
2026-01-26 19:48:30,bdsl_img_pose_lstm,49,0.1014,0.3254,./work_dir/bdsl_img_pose_lstm
2026-01-26 19:48:55,bdsl_img_pose_lstm,51,0.0994,0.3376,./work_dir/bdsl_img_pose_lstm
2026-01-26 19:49:20,bdsl_img_pose_lstm,53,0.1042,0.3499,./work_dir/bdsl_img_pose_lstm
2026-01-26 19:49:44,bdsl_img_pose_lstm,55,0.1062,0.3383,./work_dir/bdsl_img_pose_lstm
2026-01-26 19:50:09,bdsl_img_pose_lstm,57,0.1144,0.3356,./work_dir/bdsl_img_pose_lstm
2026-01-26 19:50:34,bdsl_img_pose_lstm,59,0.1076,0.3431,./work_dir/bdsl_img_pose_lstm
2026-01-26 19:50:59,bdsl_img_pose_lstm,61,0.1184,0.3635,./work_dir/bdsl_img_pose_lstm
2026-01-26 19:51:23,bdsl_img_pose_lstm,63,0.1103,0.3506,./work_dir/bdsl_img_pose_lstm
2026-01-26 19:51:48,bdsl_img_pose_lstm,65,0.1150,0.3608,./work_dir/bdsl_img_pose_lstm
2026-01-26 19:52:12,bdsl_img_pose_lstm,67,0.1096,0.3519,./work_dir/bdsl_img_pose_lstm
2026-01-26 19:52:37,bdsl_img_pose_lstm,69,0.1116,0.3622,./work_dir/bdsl_img_pose_lstm
2026-01-26 19:53:02,bdsl_img_pose_lstm,71,0.1191,0.3669,./work_dir/bdsl_img_pose_lstm
2026-01-26 19:53:26,bdsl_img_pose_lstm,73,0.1116,0.3472,./work_dir/bdsl_img_pose_lstm
2026-01-26 19:53:51,bdsl_img_pose_lstm,75,0.1144,0.3601,./work_dir/bdsl_img_pose_lstm
2026-01-26 19:54:16,bdsl_img_pose_lstm,77,0.1225,0.3696,./work_dir/bdsl_img_pose_lstm
2026-01-26 19:54:40,bdsl_img_pose_lstm,79,0.1116,0.3547,./work_dir/bdsl_img_pose_lstm
2026-01-26 19:55:04,bdsl_img_pose_lstm,81,0.1103,0.3479,./work_dir/bdsl_img_pose_lstm
2026-01-26 19:55:28,bdsl_img_pose_lstm,83,0.1198,0.3608,./work_dir/bdsl_img_pose_lstm
2026-01-26 19:55:52,bdsl_img_pose_lstm,85,0.1130,0.3417,./work_dir/bdsl_img_pose_lstm
2026-01-26 19:56:16,bdsl_img_pose_lstm,87,0.1096,0.3594,./work_dir/bdsl_img_pose_lstm
2026-01-26 19:56:41,bdsl_img_pose_lstm,89,0.1130,0.3615,./work_dir/bdsl_img_pose_lstm
2026-01-26 19:57:05,bdsl_img_pose_lstm,91,0.1150,0.3465,./work_dir/bdsl_img_pose_lstm
2026-01-26 19:57:29,bdsl_img_pose_lstm,93,0.1171,0.3547,./work_dir/bdsl_img_pose_lstm
2026-01-26 19:57:53,bdsl_img_pose_lstm,95,0.1178,0.3519,./work_dir/bdsl_img_pose_lstm
2026-01-26 19:58:17,bdsl_img_pose_lstm,97,0.1205,0.3533,./work_dir/bdsl_img_pose_lstm
2026-01-26 19:58:42,bdsl_img_pose_lstm,99,0.1164,0.3601,./work_dir/bdsl_img_pose_lstm
2026-01-26 19:59:20,bdsl_st_gcn_vanilla,1,0.0747,0.3453,./work_dir/bdsl_st_gcn_vanilla
2026-01-26 19:59:47,bdsl_st_gcn_vanilla,3,0.1122,0.4393,./work_dir/bdsl_st_gcn_vanilla
2026-01-26 20:00:14,bdsl_st_gcn_vanilla,5,0.1289,0.4774,./work_dir/bdsl_st_gcn_vanilla
2026-01-26 20:00:41,bdsl_st_gcn_vanilla,7,0.1434,0.4425,./work_dir/bdsl_st_gcn_vanilla
2026-01-26 20:01:08,bdsl_st_gcn_vanilla,9,0.1509,0.4839,./work_dir/bdsl_st_gcn_vanilla
2026-01-26 20:01:35,bdsl_st_gcn_vanilla,11,0.1971,0.5537,./work_dir/bdsl_st_gcn_vanilla
2026-01-26 20:02:01,bdsl_st_gcn_vanilla,13,0.1128,0.3749,./work_dir/bdsl_st_gcn_vanilla
2026-01-26 20:02:28,bdsl_st_gcn_vanilla,15,0.1439,0.4436,./work_dir/bdsl_st_gcn_vanilla
2026-01-26 20:02:55,bdsl_st_gcn_vanilla,17,0.1649,0.4855,./work_dir/bdsl_st_gcn_vanilla
2026-01-26 20:03:22,bdsl_st_gcn_vanilla,19,0.2701,0.6316,./work_dir/bdsl_st_gcn_vanilla
2026-01-26 20:03:49,bdsl_st_gcn_vanilla,21,0.3029,0.6858,./work_dir/bdsl_st_gcn_vanilla
2026-01-26 20:04:16,bdsl_st_gcn_vanilla,23,0.4484,0.7900,./work_dir/bdsl_st_gcn_vanilla
2026-01-26 20:04:43,bdsl_st_gcn_vanilla,25,0.3228,0.6740,./work_dir/bdsl_st_gcn_vanilla
2026-01-26 20:05:10,bdsl_st_gcn_vanilla,27,0.5961,0.9049,./work_dir/bdsl_st_gcn_vanilla
2026-01-26 20:05:37,bdsl_st_gcn_vanilla,29,0.4296,0.8061,./work_dir/bdsl_st_gcn_vanilla
2026-01-26 20:06:04,bdsl_st_gcn_vanilla,31,0.6525,0.9339,./work_dir/bdsl_st_gcn_vanilla
2026-01-26 20:06:31,bdsl_st_gcn_vanilla,33,0.6826,0.9377,./work_dir/bdsl_st_gcn_vanilla
2026-01-26 20:06:58,bdsl_st_gcn_vanilla,35,0.7046,0.9479,./work_dir/bdsl_st_gcn_vanilla
2026-01-26 20:07:25,bdsl_st_gcn_vanilla,37,0.7970,0.9796,./work_dir/bdsl_st_gcn_vanilla
2026-01-26 20:07:52,bdsl_st_gcn_vanilla,39,0.7938,0.9715,./work_dir/bdsl_st_gcn_vanilla
2026-01-26 20:08:19,bdsl_st_gcn_vanilla,41,0.8362,0.9823,./work_dir/bdsl_st_gcn_vanilla
2026-01-26 20:08:46,bdsl_st_gcn_vanilla,43,0.8421,0.9817,./work_dir/bdsl_st_gcn_vanilla
2026-01-26 20:09:13,bdsl_st_gcn_vanilla,45,0.8260,0.9791,./work_dir/bdsl_st_gcn_vanilla
2026-01-26 20:09:40,bdsl_st_gcn_vanilla,47,0.8593,0.9828,./work_dir/bdsl_st_gcn_vanilla
2026-01-26 20:10:07,bdsl_st_gcn_vanilla,49,0.8749,0.9839,./work_dir/bdsl_st_gcn_vanilla
2026-01-26 20:10:34,bdsl_st_gcn_vanilla,51,0.8743,0.9844,./work_dir/bdsl_st_gcn_vanilla
2026-01-26 20:11:01,bdsl_st_gcn_vanilla,53,0.8432,0.9796,./work_dir/bdsl_st_gcn_vanilla
2026-01-26 20:11:28,bdsl_st_gcn_vanilla,55,0.8792,0.9844,./work_dir/bdsl_st_gcn_vanilla
2026-01-26 20:11:55,bdsl_st_gcn_vanilla,57,0.8878,0.9828,./work_dir/bdsl_st_gcn_vanilla
2026-01-26 20:12:22,bdsl_st_gcn_vanilla,59,0.8706,0.9823,./work_dir/bdsl_st_gcn_vanilla
2026-01-26 20:12:49,bdsl_st_gcn_vanilla,61,0.9253,0.9898,./work_dir/bdsl_st_gcn_vanilla
2026-01-26 20:13:16,bdsl_st_gcn_vanilla,63,0.9291,0.9909,./work_dir/bdsl_st_gcn_vanilla
2026-01-26 20:13:43,bdsl_st_gcn_vanilla,65,0.9334,0.9914,./work_dir/bdsl_st_gcn_vanilla
2026-01-26 20:14:10,bdsl_st_gcn_vanilla,67,0.9286,0.9914,./work_dir/bdsl_st_gcn_vanilla
2026-01-26 20:14:37,bdsl_st_gcn_vanilla,69,0.9307,0.9919,./work_dir/bdsl_st_gcn_vanilla
2026-01-26 20:15:04,bdsl_st_gcn_vanilla,71,0.9329,0.9903,./work_dir/bdsl_st_gcn_vanilla
2026-01-26 20:15:31,bdsl_st_gcn_vanilla,73,0.9372,0.9909,./work_dir/bdsl_st_gcn_vanilla
2026-01-26 20:15:58,bdsl_st_gcn_vanilla,75,0.9415,0.9903,./work_dir/bdsl_st_gcn_vanilla
2026-01-26 20:16:25,bdsl_st_gcn_vanilla,77,0.9398,0.9909,./work_dir/bdsl_st_gcn_vanilla
2026-01-26 20:16:52,bdsl_st_gcn_vanilla,79,0.9345,0.9898,./work_dir/bdsl_st_gcn_vanilla
2026-01-26 20:17:19,bdsl_st_gcn_vanilla,81,0.9377,0.9919,./work_dir/bdsl_st_gcn_vanilla
2026-01-26 20:17:46,bdsl_st_gcn_vanilla,83,0.9361,0.9898,./work_dir/bdsl_st_gcn_vanilla
2026-01-26 20:18:13,bdsl_st_gcn_vanilla,85,0.9361,0.9893,./work_dir/bdsl_st_gcn_vanilla
2026-01-26 20:18:41,bdsl_st_gcn_vanilla,87,0.9398,0.9914,./work_dir/bdsl_st_gcn_vanilla
2026-01-26 20:19:08,bdsl_st_gcn_vanilla,89,0.9393,0.9909,./work_dir/bdsl_st_gcn_vanilla
2026-01-26 20:19:36,bdsl_st_gcn_vanilla,91,0.9350,0.9898,./work_dir/bdsl_st_gcn_vanilla
2026-01-26 20:20:03,bdsl_st_gcn_vanilla,93,0.9356,0.9914,./work_dir/bdsl_st_gcn_vanilla
2026-01-26 20:20:30,bdsl_st_gcn_vanilla,95,0.9388,0.9903,./work_dir/bdsl_st_gcn_vanilla
2026-01-26 20:20:57,bdsl_st_gcn_vanilla,97,0.9339,0.9914,./work_dir/bdsl_st_gcn_vanilla
2026-01-26 20:21:24,bdsl_st_gcn_vanilla,99,0.9388,0.9909,./work_dir/bdsl_st_gcn_vanilla
2026-01-26 20:21:57,bdsl_img_st_gcn_vanilla,1,0.0660,0.2457,./work_dir/bdsl_img_st_gcn_vanilla
2026-01-26 20:22:20,bdsl_img_st_gcn_vanilla,3,0.0640,0.2478,./work_dir/bdsl_img_st_gcn_vanilla
2026-01-26 20:22:42,bdsl_img_st_gcn_vanilla,5,0.0619,0.2777,./work_dir/bdsl_img_st_gcn_vanilla
2026-01-26 20:23:04,bdsl_img_st_gcn_vanilla,7,0.0640,0.2975,./work_dir/bdsl_img_st_gcn_vanilla
2026-01-26 20:23:27,bdsl_img_st_gcn_vanilla,9,0.0708,0.2900,./work_dir/bdsl_img_st_gcn_vanilla
2026-01-26 20:23:49,bdsl_img_st_gcn_vanilla,11,0.0776,0.3152,./work_dir/bdsl_img_st_gcn_vanilla
2026-01-26 20:24:11,bdsl_img_st_gcn_vanilla,13,0.0967,0.3138,./work_dir/bdsl_img_st_gcn_vanilla
2026-01-26 20:24:34,bdsl_img_st_gcn_vanilla,15,0.0919,0.3138,./work_dir/bdsl_img_st_gcn_vanilla
2026-01-26 20:24:56,bdsl_img_st_gcn_vanilla,17,0.0905,0.3063,./work_dir/bdsl_img_st_gcn_vanilla
2026-01-26 20:25:18,bdsl_img_st_gcn_vanilla,19,0.0980,0.3104,./work_dir/bdsl_img_st_gcn_vanilla
2026-01-26 20:25:40,bdsl_img_st_gcn_vanilla,21,0.0946,0.3349,./work_dir/bdsl_img_st_gcn_vanilla
2026-01-26 20:26:03,bdsl_img_st_gcn_vanilla,23,0.1062,0.3410,./work_dir/bdsl_img_st_gcn_vanilla
2026-01-26 20:26:25,bdsl_img_st_gcn_vanilla,25,0.0824,0.3131,./work_dir/bdsl_img_st_gcn_vanilla
2026-01-26 20:26:47,bdsl_img_st_gcn_vanilla,27,0.0885,0.3193,./work_dir/bdsl_img_st_gcn_vanilla
2026-01-26 20:27:09,bdsl_img_st_gcn_vanilla,29,0.1123,0.3336,./work_dir/bdsl_img_st_gcn_vanilla
2026-01-26 20:27:31,bdsl_img_st_gcn_vanilla,31,0.0892,0.2982,./work_dir/bdsl_img_st_gcn_vanilla
2026-01-26 20:27:54,bdsl_img_st_gcn_vanilla,33,0.1021,0.3302,./work_dir/bdsl_img_st_gcn_vanilla
2026-01-26 20:28:16,bdsl_img_st_gcn_vanilla,35,0.0973,0.3329,./work_dir/bdsl_img_st_gcn_vanilla
2026-01-26 20:28:39,bdsl_img_st_gcn_vanilla,37,0.0790,0.2907,./work_dir/bdsl_img_st_gcn_vanilla
2026-01-26 20:29:01,bdsl_img_st_gcn_vanilla,39,0.0899,0.3145,./work_dir/bdsl_img_st_gcn_vanilla
2026-01-26 20:29:24,bdsl_img_st_gcn_vanilla,41,0.0939,0.3009,./work_dir/bdsl_img_st_gcn_vanilla
2026-01-26 20:29:46,bdsl_img_st_gcn_vanilla,43,0.0885,0.3131,./work_dir/bdsl_img_st_gcn_vanilla
2026-01-26 20:30:08,bdsl_img_st_gcn_vanilla,45,0.0865,0.3152,./work_dir/bdsl_img_st_gcn_vanilla
2026-01-26 20:30:30,bdsl_img_st_gcn_vanilla,47,0.1069,0.3458,./work_dir/bdsl_img_st_gcn_vanilla
2026-01-26 20:30:53,bdsl_img_st_gcn_vanilla,49,0.1021,0.3227,./work_dir/bdsl_img_st_gcn_vanilla
2026-01-26 20:31:15,bdsl_img_st_gcn_vanilla,51,0.0919,0.3206,./work_dir/bdsl_img_st_gcn_vanilla
2026-01-26 20:31:37,bdsl_img_st_gcn_vanilla,53,0.1137,0.3513,./work_dir/bdsl_img_st_gcn_vanilla
2026-01-26 20:32:00,bdsl_img_st_gcn_vanilla,55,0.1021,0.3247,./work_dir/bdsl_img_st_gcn_vanilla
2026-01-26 20:32:22,bdsl_img_st_gcn_vanilla,57,0.0946,0.3336,./work_dir/bdsl_img_st_gcn_vanilla
2026-01-26 20:32:44,bdsl_img_st_gcn_vanilla,59,0.0844,0.2968,./work_dir/bdsl_img_st_gcn_vanilla
2026-01-26 20:33:07,bdsl_img_st_gcn_vanilla,61,0.1042,0.3329,./work_dir/bdsl_img_st_gcn_vanilla
2026-01-26 20:33:29,bdsl_img_st_gcn_vanilla,63,0.1069,0.3322,./work_dir/bdsl_img_st_gcn_vanilla
2026-01-26 20:33:52,bdsl_img_st_gcn_vanilla,65,0.1021,0.3376,./work_dir/bdsl_img_st_gcn_vanilla
2026-01-26 20:34:14,bdsl_img_st_gcn_vanilla,67,0.0960,0.3193,./work_dir/bdsl_img_st_gcn_vanilla
2026-01-26 20:34:37,bdsl_img_st_gcn_vanilla,69,0.1035,0.3247,./work_dir/bdsl_img_st_gcn_vanilla
2026-01-26 20:34:59,bdsl_img_st_gcn_vanilla,71,0.0967,0.3138,./work_dir/bdsl_img_st_gcn_vanilla
2026-01-26 20:35:21,bdsl_img_st_gcn_vanilla,73,0.0939,0.3193,./work_dir/bdsl_img_st_gcn_vanilla
2026-01-26 20:35:44,bdsl_img_st_gcn_vanilla,75,0.1001,0.3404,./work_dir/bdsl_img_st_gcn_vanilla
2026-01-26 20:36:06,bdsl_img_st_gcn_vanilla,77,0.0973,0.3138,./work_dir/bdsl_img_st_gcn_vanilla
2026-01-26 20:36:28,bdsl_img_st_gcn_vanilla,79,0.1062,0.3417,./work_dir/bdsl_img_st_gcn_vanilla
2026-01-26 20:36:51,bdsl_img_st_gcn_vanilla,81,0.0987,0.3315,./work_dir/bdsl_img_st_gcn_vanilla
2026-01-26 20:37:13,bdsl_img_st_gcn_vanilla,83,0.0939,0.3315,./work_dir/bdsl_img_st_gcn_vanilla
2026-01-26 20:37:35,bdsl_img_st_gcn_vanilla,85,0.1116,0.3322,./work_dir/bdsl_img_st_gcn_vanilla
2026-01-26 20:37:58,bdsl_img_st_gcn_vanilla,87,0.1062,0.3220,./work_dir/bdsl_img_st_gcn_vanilla
2026-01-26 20:38:21,bdsl_img_st_gcn_vanilla,89,0.1103,0.3274,./work_dir/bdsl_img_st_gcn_vanilla
2026-01-26 20:38:43,bdsl_img_st_gcn_vanilla,91,0.1076,0.3472,./work_dir/bdsl_img_st_gcn_vanilla
2026-01-26 20:39:05,bdsl_img_st_gcn_vanilla,93,0.1062,0.3356,./work_dir/bdsl_img_st_gcn_vanilla
2026-01-26 20:39:28,bdsl_img_st_gcn_vanilla,95,0.1014,0.3274,./work_dir/bdsl_img_st_gcn_vanilla
2026-01-26 20:39:50,bdsl_img_st_gcn_vanilla,97,0.1021,0.3206,./work_dir/bdsl_img_st_gcn_vanilla
2026-01-26 20:40:12,bdsl_img_st_gcn_vanilla,99,0.1089,0.3404,./work_dir/bdsl_img_st_gcn_vanilla
2026-01-26 21:08:22,bdsl_graph,9,0.1574,0.4699,./work_dir/bdsl_graph
2026-01-26 21:36:19,bdsl_graph,19,0.1327,0.3899,./work_dir/bdsl_graph
2026-01-26 22:04:18,bdsl_graph,29,0.5134,0.8878,./work_dir/bdsl_graph
2026-01-26 22:32:16,bdsl_graph,39,0.7589,0.9683,./work_dir/bdsl_graph
2026-01-26 23:00:13,bdsl_graph,49,0.8303,0.9866,./work_dir/bdsl_graph
2026-01-26 23:28:14,bdsl_graph,59,0.8867,0.9909,./work_dir/bdsl_graph
2026-01-26 23:56:19,bdsl_graph,69,0.9517,0.9936,./work_dir/bdsl_graph
2026-01-27 00:24:32,bdsl_graph,79,0.9549,0.9930,./work_dir/bdsl_graph
2026-01-27 00:52:44,bdsl_graph,89,0.9544,0.9946,./work_dir/bdsl_graph
2026-01-27 01:23:02,bdsl_graph,99,0.9533,0.9941,./work_dir/bdsl_graph
2026-01-27 01:28:09,bdsl_img,1,0.0756,0.2594,./work_dir/bdsl_img
2026-01-27 01:32:53,bdsl_img,3,0.1287,0.4275,./work_dir/bdsl_img
2026-01-27 01:37:38,bdsl_img,5,0.1688,0.4874,./work_dir/bdsl_img
2026-01-27 01:42:23,bdsl_img,7,0.1947,0.5276,./work_dir/bdsl_img
2026-01-27 01:47:06,bdsl_img,9,0.2287,0.5330,./work_dir/bdsl_img
2026-01-27 01:51:52,bdsl_img,11,0.2389,0.5745,./work_dir/bdsl_img
2026-01-27 01:56:36,bdsl_img,13,0.2505,0.5861,./work_dir/bdsl_img
2026-01-27 02:01:22,bdsl_img,15,0.2607,0.5963,./work_dir/bdsl_img
2026-01-27 02:06:08,bdsl_img,17,0.2893,0.6188,./work_dir/bdsl_img
2026-01-27 02:10:52,bdsl_img,19,0.2934,0.6297,./work_dir/bdsl_img
2026-01-27 02:15:39,bdsl_img,21,0.2845,0.6515,./work_dir/bdsl_img
2026-01-27 02:20:25,bdsl_img,23,0.3363,0.6692,./work_dir/bdsl_img
2026-01-27 02:25:11,bdsl_img,25,0.2954,0.6583,./work_dir/bdsl_img
2026-01-27 02:29:56,bdsl_img,27,0.3152,0.6671,./work_dir/bdsl_img
2026-01-27 02:34:42,bdsl_img,29,0.3451,0.6814,./work_dir/bdsl_img
2026-01-27 02:39:29,bdsl_img,31,0.2988,0.6447,./work_dir/bdsl_img
2026-01-27 02:44:14,bdsl_img,33,0.3268,0.6644,./work_dir/bdsl_img
2026-01-27 02:48:59,bdsl_img,35,0.3397,0.6889,./work_dir/bdsl_img
2026-01-27 02:53:44,bdsl_img,37,0.3445,0.6869,./work_dir/bdsl_img
2026-01-27 02:58:30,bdsl_img,39,0.3635,0.7161,./work_dir/bdsl_img
2026-01-27 03:03:15,bdsl_img,41,0.1858,0.5037,./work_dir/bdsl_img
2026-01-27 03:08:00,bdsl_img,43,0.3860,0.7195,./work_dir/bdsl_img
2026-01-27 03:12:45,bdsl_img,45,0.3465,0.7134,./work_dir/bdsl_img
2026-01-27 03:17:30,bdsl_img,47,0.3703,0.7338,./work_dir/bdsl_img
2026-01-27 03:22:15,bdsl_img,49,0.4023,0.7617,./work_dir/bdsl_img
2026-01-27 03:27:01,bdsl_img,51,0.4057,0.7672,./work_dir/bdsl_img
2026-01-27 03:31:47,bdsl_img,53,0.3921,0.7638,./work_dir/bdsl_img
2026-01-27 03:36:32,bdsl_img,55,0.4064,0.7529,./work_dir/bdsl_img
2026-01-27 03:41:17,bdsl_img,57,0.4207,0.7842,./work_dir/bdsl_img
2026-01-27 03:46:02,bdsl_img,59,0.4173,0.7931,./work_dir/bdsl_img
2026-01-27 03:50:47,bdsl_img,61,0.4915,0.8291,./work_dir/bdsl_img
2026-01-27 03:55:34,bdsl_img,63,0.5099,0.8346,./work_dir/bdsl_img
2026-01-27 04:00:20,bdsl_img,65,0.5228,0.8380,./work_dir/bdsl_img
2026-01-27 04:05:06,bdsl_img,67,0.5385,0.8455,./work_dir/bdsl_img
2026-01-27 04:09:53,bdsl_img,69,0.5453,0.8502,./work_dir/bdsl_img
2026-01-27 04:14:41,bdsl_img,71,0.5487,0.8536,./work_dir/bdsl_img
2026-01-27 04:19:30,bdsl_img,73,0.5494,0.8509,./work_dir/bdsl_img
2026-01-27 04:24:19,bdsl_img,75,0.5582,0.8591,./work_dir/bdsl_img
2026-01-27 04:29:07,bdsl_img,77,0.5541,0.8639,./work_dir/bdsl_img
2026-01-27 04:33:56,bdsl_img,79,0.5677,0.8639,./work_dir/bdsl_img
2026-01-27 04:38:44,bdsl_img,81,0.5875,0.8673,./work_dir/bdsl_img
2026-01-27 04:43:34,bdsl_img,83,0.5861,0.8700,./work_dir/bdsl_img
2026-01-27 04:48:21,bdsl_img,85,0.5977,0.8720,./work_dir/bdsl_img
2026-01-27 04:53:08,bdsl_img,87,0.5820,0.8577,./work_dir/bdsl_img
2026-01-27 04:57:53,bdsl_img,89,0.5909,0.8707,./work_dir/bdsl_img
2026-01-27 05:02:38,bdsl_img,91,0.5848,0.8727,./work_dir/bdsl_img
2026-01-27 05:07:24,bdsl_img,93,0.5827,0.8781,./work_dir/bdsl_img
2026-01-27 05:12:10,bdsl_img,95,0.6004,0.8727,./work_dir/bdsl_img
2026-01-27 05:16:56,bdsl_img,97,0.6174,0.8734,./work_dir/bdsl_img
2026-01-27 05:21:41,bdsl_img,99,0.6201,0.8754,./work_dir/bdsl_img
2026-01-27 05:52:24,bdsl_graph_bone,9,0.9189,0.9919,./work_dir/bdsl_graph_bone
2026-01-27 06:21:10,bdsl_graph_bone,19,0.9436,0.9930,./work_dir/bdsl_graph_bone
2026-01-27 06:49:07,bdsl_graph_bone,29,0.9823,0.9979,./work_dir/bdsl_graph_bone
2026-01-27 07:17:47,bdsl_graph_bone,39,0.9785,0.9973,./work_dir/bdsl_graph_bone
2026-01-27 07:52:04,bdsl_graph_bone,49,0.9801,0.9989,./work_dir/bdsl_graph_bone
2026-01-27 08:58:58,bdsl_graph_bone,59,0.9909,0.9984,./work_dir/bdsl_graph_bone
2026-01-27 09:27:53,bdsl_graph_bone,69,0.9936,0.9995,./work_dir/bdsl_graph_bone
2026-01-27 09:56:46,bdsl_graph_bone,79,0.9941,0.9989,./work_dir/bdsl_graph_bone
2026-01-27 10:25:38,bdsl_graph_bone,89,0.9941,0.9995,./work_dir/bdsl_graph_bone
2026-01-27 10:54:31,bdsl_graph_bone,99,0.9936,0.9995,./work_dir/bdsl_graph_bone
2026-01-27 10:59:49,bdsl_img_bone,1,0.1341,0.3941,./work_dir/bdsl_img_bone
2026-01-27 11:04:43,bdsl_img_bone,3,0.1926,0.5140,./work_dir/bdsl_img_bone
2026-01-27 11:09:37,bdsl_img_bone,5,0.2396,0.5739,./work_dir/bdsl_img_bone
2026-01-27 11:14:30,bdsl_img_bone,7,0.2594,0.6222,./work_dir/bdsl_img_bone
2026-01-27 11:19:24,bdsl_img_bone,9,0.2893,0.6467,./work_dir/bdsl_img_bone
2026-01-27 11:24:18,bdsl_img_bone,11,0.1913,0.4717,./work_dir/bdsl_img_bone
2026-01-27 11:29:11,bdsl_img_bone,13,0.3022,0.6664,./work_dir/bdsl_img_bone
2026-01-27 11:34:04,bdsl_img_bone,15,0.3513,0.6855,./work_dir/bdsl_img_bone
2026-01-27 11:38:58,bdsl_img_bone,17,0.3254,0.6862,./work_dir/bdsl_img_bone
2026-01-27 11:43:50,bdsl_img_bone,19,0.3438,0.7066,./work_dir/bdsl_img_bone
2026-01-27 11:48:43,bdsl_img_bone,21,0.3465,0.7120,./work_dir/bdsl_img_bone
2026-01-27 11:53:36,bdsl_img_bone,23,0.3819,0.7236,./work_dir/bdsl_img_bone
2026-01-27 11:58:28,bdsl_img_bone,25,0.3867,0.7420,./work_dir/bdsl_img_bone
2026-01-27 12:03:21,bdsl_img_bone,27,0.4023,0.7611,./work_dir/bdsl_img_bone
2026-01-27 12:08:14,bdsl_img_bone,29,0.3873,0.7638,./work_dir/bdsl_img_bone
2026-01-27 12:13:07,bdsl_img_bone,31,0.4336,0.7699,./work_dir/bdsl_img_bone
2026-01-27 12:17:59,bdsl_img_bone,33,0.4173,0.7808,./work_dir/bdsl_img_bone
2026-01-27 12:22:52,bdsl_img_bone,35,0.4445,0.7965,./work_dir/bdsl_img_bone
2026-01-27 12:27:45,bdsl_img_bone,37,0.4411,0.7828,./work_dir/bdsl_img_bone
2026-01-27 12:32:38,bdsl_img_bone,39,0.4432,0.8074,./work_dir/bdsl_img_bone
2026-01-27 12:37:31,bdsl_img_bone,41,0.4677,0.7992,./work_dir/bdsl_img_bone
2026-01-27 12:42:23,bdsl_img_bone,43,0.4847,0.8128,./work_dir/bdsl_img_bone
2026-01-27 12:47:16,bdsl_img_bone,45,0.4860,0.8087,./work_dir/bdsl_img_bone
2026-01-27 12:52:09,bdsl_img_bone,47,0.5221,0.8182,./work_dir/bdsl_img_bone
2026-01-27 12:57:01,bdsl_img_bone,49,0.5180,0.8264,./work_dir/bdsl_img_bone
2026-01-27 13:01:54,bdsl_img_bone,51,0.5262,0.8359,./work_dir/bdsl_img_bone
2026-01-27 13:06:47,bdsl_img_bone,53,0.5269,0.8196,./work_dir/bdsl_img_bone
2026-01-27 13:11:40,bdsl_img_bone,55,0.5473,0.8407,./work_dir/bdsl_img_bone
2026-01-27 13:16:32,bdsl_img_bone,57,0.5555,0.8393,./work_dir/bdsl_img_bone
2026-01-27 13:21:25,bdsl_img_bone,59,0.5888,0.8734,./work_dir/bdsl_img_bone
2026-01-27 13:26:18,bdsl_img_bone,61,0.6875,0.8965,./work_dir/bdsl_img_bone
2026-01-27 13:31:10,bdsl_img_bone,63,0.7046,0.8938,./work_dir/bdsl_img_bone
2026-01-27 13:36:03,bdsl_img_bone,65,0.7086,0.8993,./work_dir/bdsl_img_bone
2026-01-27 13:40:56,bdsl_img_bone,67,0.7182,0.8993,./work_dir/bdsl_img_bone
2026-01-27 13:45:49,bdsl_img_bone,69,0.7413,0.8918,./work_dir/bdsl_img_bone
2026-01-27 13:50:42,bdsl_img_bone,71,0.7372,0.9013,./work_dir/bdsl_img_bone
2026-01-27 13:55:35,bdsl_img_bone,73,0.7379,0.8986,./work_dir/bdsl_img_bone
2026-01-27 14:00:28,bdsl_img_bone,75,0.7536,0.9006,./work_dir/bdsl_img_bone
2026-01-27 14:05:21,bdsl_img_bone,77,0.7556,0.9067,./work_dir/bdsl_img_bone
2026-01-27 14:10:14,bdsl_img_bone,79,0.7590,0.9033,./work_dir/bdsl_img_bone
2026-01-27 14:15:07,bdsl_img_bone,81,0.7733,0.9088,./work_dir/bdsl_img_bone
2026-01-27 14:19:59,bdsl_img_bone,83,0.7713,0.9108,./work_dir/bdsl_img_bone
2026-01-27 14:24:52,bdsl_img_bone,85,0.7794,0.8993,./work_dir/bdsl_img_bone
2026-01-27 14:29:45,bdsl_img_bone,87,0.7645,0.9047,./work_dir/bdsl_img_bone
2026-01-27 14:34:37,bdsl_img_bone,89,0.7706,0.9027,./work_dir/bdsl_img_bone
2026-01-27 14:39:30,bdsl_img_bone,91,0.7706,0.9061,./work_dir/bdsl_img_bone
2026-01-27 14:44:23,bdsl_img_bone,93,0.7624,0.8999,./work_dir/bdsl_img_bone
2026-01-27 14:49:15,bdsl_img_bone,95,0.7658,0.9047,./work_dir/bdsl_img_bone
2026-01-27 14:54:08,bdsl_img_bone,97,0.7754,0.9108,./work_dir/bdsl_img_bone
2026-01-27 14:59:00,bdsl_img_bone,99,0.7699,0.9074,./work_dir/bdsl_img_bone
2026-01-27 15:01:25,bdsl_gnn,1,0.0816,0.3582,./work_dir/bdsl_gnn
2026-01-27 15:03:29,bdsl_gnn,3,0.1278,0.4146,./work_dir/bdsl_gnn
2026-01-27 15:05:33,bdsl_gnn,5,0.1805,0.5081,./work_dir/bdsl_gnn
2026-01-27 15:07:37,bdsl_gnn,7,0.1853,0.5059,./work_dir/bdsl_gnn
2026-01-27 15:09:41,bdsl_gnn,9,0.1509,0.4678,./work_dir/bdsl_gnn
2026-01-27 15:11:46,bdsl_gnn,11,0.1466,0.4490,./work_dir/bdsl_gnn
2026-01-27 15:13:50,bdsl_gnn,13,0.1788,0.5091,./work_dir/bdsl_gnn
2026-01-27 15:15:54,bdsl_gnn,15,0.2240,0.6074,./work_dir/bdsl_gnn
2026-01-27 15:17:58,bdsl_gnn,17,0.1762,0.4774,./work_dir/bdsl_gnn
2026-01-27 15:20:04,bdsl_gnn,19,0.2143,0.5671,./work_dir/bdsl_gnn
2026-01-27 15:22:10,bdsl_gnn,21,0.3072,0.6783,./work_dir/bdsl_gnn
2026-01-27 15:24:35,bdsl_gnn,23,0.2841,0.6369,./work_dir/bdsl_gnn
2026-01-27 15:29:42,bdsl_gnn,25,0.2696,0.5542,./work_dir/bdsl_gnn
2026-01-27 15:31:45,bdsl_gnn,27,0.3400,0.7062,./work_dir/bdsl_gnn
2026-01-27 15:33:47,bdsl_gnn,29,0.2272,0.4962,./work_dir/bdsl_gnn
2026-01-27 15:35:50,bdsl_gnn,31,0.3104,0.6455,./work_dir/bdsl_gnn
2026-01-27 15:37:54,bdsl_gnn,33,0.2975,0.6026,./work_dir/bdsl_gnn
2026-01-27 15:40:12,bdsl_gnn,35,0.2895,0.5408,./work_dir/bdsl_gnn
2026-01-27 15:42:29,bdsl_gnn,37,0.5043,0.8018,./work_dir/bdsl_gnn
2026-01-27 15:44:47,bdsl_gnn,39,0.2927,0.6101,./work_dir/bdsl_gnn
2026-01-27 15:47:05,bdsl_gnn,41,0.3351,0.5908,./work_dir/bdsl_gnn
2026-01-27 15:49:22,bdsl_gnn,43,0.3324,0.5773,./work_dir/bdsl_gnn
2026-01-27 15:51:40,bdsl_gnn,45,0.3620,0.6595,./work_dir/bdsl_gnn
2026-01-27 15:53:58,bdsl_gnn,47,0.4296,0.7250,./work_dir/bdsl_gnn
2026-01-27 15:56:15,bdsl_gnn,49,0.4039,0.6901,./work_dir/bdsl_gnn
2026-01-27 15:58:32,bdsl_gnn,51,0.3856,0.6933,./work_dir/bdsl_gnn
2026-01-27 16:00:49,bdsl_gnn,53,0.5822,0.8690,./work_dir/bdsl_gnn
2026-01-27 16:03:06,bdsl_gnn,55,0.4221,0.7170,./work_dir/bdsl_gnn
2026-01-27 16:05:22,bdsl_gnn,57,0.3367,0.5972,./work_dir/bdsl_gnn
2026-01-27 16:07:39,bdsl_gnn,59,0.3561,0.6139,./work_dir/bdsl_gnn
2026-01-27 17:15:48,bdsl_gnn,0,0.0553,0.2342,./work_dir/bdsl_gnn
2026-01-27 17:19:08,bdsl_gnn,1,0.0816,0.3582,./work_dir/bdsl_gnn
2026-01-27 17:21:44,bdsl_gnn,3,0.1278,0.4146,./work_dir/bdsl_gnn
2026-01-27 17:24:21,bdsl_gnn,5,0.1805,0.5081,./work_dir/bdsl_gnn
2026-01-27 17:26:42,bdsl_gnn,7,0.1853,0.5059,./work_dir/bdsl_gnn
2026-01-27 17:29:16,bdsl_gnn,9,0.1509,0.4678,./work_dir/bdsl_gnn
2026-01-27 17:31:48,bdsl_gnn,11,0.1466,0.4490,./work_dir/bdsl_gnn
2026-01-27 17:34:21,bdsl_gnn,13,0.1788,0.5091,./work_dir/bdsl_gnn
2026-01-27 17:36:53,bdsl_gnn,15,0.2240,0.6074,./work_dir/bdsl_gnn
2026-01-27 17:39:24,bdsl_gnn,17,0.1762,0.4774,./work_dir/bdsl_gnn
2026-01-27 17:41:56,bdsl_gnn,19,0.2143,0.5671,./work_dir/bdsl_gnn
2026-01-27 17:44:28,bdsl_gnn,21,0.3072,0.6783,./work_dir/bdsl_gnn
2026-01-27 17:46:56,bdsl_gnn,23,0.2841,0.6369,./work_dir/bdsl_gnn
2026-01-27 17:49:22,bdsl_gnn,25,0.2696,0.5542,./work_dir/bdsl_gnn
2026-01-27 17:51:44,bdsl_gnn,27,0.3400,0.7062,./work_dir/bdsl_gnn
2026-01-27 17:54:19,bdsl_gnn,29,0.2272,0.4962,./work_dir/bdsl_gnn
2026-01-27 17:56:42,bdsl_gnn,31,0.3104,0.6455,./work_dir/bdsl_gnn
2026-01-27 19:00:24,bdsl_gnn,1,0.0816,0.3582,./work_dir/bdsl_gnn
2026-01-27 19:02:23,bdsl_gnn,3,0.1278,0.4146,./work_dir/bdsl_gnn
2026-01-27 19:04:23,bdsl_gnn,5,0.1805,0.5081,./work_dir/bdsl_gnn
2026-01-27 19:06:22,bdsl_gnn,7,0.1853,0.5059,./work_dir/bdsl_gnn
2026-01-27 19:08:21,bdsl_gnn,9,0.1509,0.4678,./work_dir/bdsl_gnn
2026-01-27 19:10:20,bdsl_gnn,11,0.1466,0.4490,./work_dir/bdsl_gnn
2026-01-27 19:12:20,bdsl_gnn,13,0.1788,0.5091,./work_dir/bdsl_gnn
2026-01-27 19:14:20,bdsl_gnn,15,0.2240,0.6074,./work_dir/bdsl_gnn
2026-01-27 19:16:19,bdsl_gnn,17,0.1762,0.4774,./work_dir/bdsl_gnn
2026-01-27 19:18:19,bdsl_gnn,19,0.2143,0.5671,./work_dir/bdsl_gnn
2026-01-27 19:20:20,bdsl_gnn,21,0.3072,0.6783,./work_dir/bdsl_gnn
2026-01-27 19:22:19,bdsl_gnn,23,0.2841,0.6369,./work_dir/bdsl_gnn
2026-01-27 19:24:18,bdsl_gnn,25,0.2696,0.5542,./work_dir/bdsl_gnn
2026-01-27 19:26:16,bdsl_gnn,27,0.3400,0.7062,./work_dir/bdsl_gnn
2026-01-27 19:28:16,bdsl_gnn,29,0.2272,0.4962,./work_dir/bdsl_gnn
2026-01-27 19:30:17,bdsl_gnn,31,0.3104,0.6455,./work_dir/bdsl_gnn
2026-01-27 19:32:18,bdsl_gnn,33,0.2975,0.6026,./work_dir/bdsl_gnn
2026-01-27 19:34:19,bdsl_gnn,35,0.2895,0.5408,./work_dir/bdsl_gnn
2026-01-27 19:36:20,bdsl_gnn,37,0.5043,0.8018,./work_dir/bdsl_gnn
2026-01-27 19:38:21,bdsl_gnn,39,0.2927,0.6101,./work_dir/bdsl_gnn
2026-01-27 19:40:22,bdsl_gnn,41,0.3351,0.5908,./work_dir/bdsl_gnn
2026-01-27 19:42:23,bdsl_gnn,43,0.3324,0.5773,./work_dir/bdsl_gnn
2026-01-27 19:44:24,bdsl_gnn,45,0.3620,0.6595,./work_dir/bdsl_gnn
2026-01-27 19:46:24,bdsl_gnn,47,0.4296,0.7250,./work_dir/bdsl_gnn
2026-01-27 19:48:24,bdsl_gnn,49,0.4039,0.6901,./work_dir/bdsl_gnn
2026-01-27 19:50:25,bdsl_gnn,51,0.3856,0.6933,./work_dir/bdsl_gnn
2026-01-27 19:52:25,bdsl_gnn,53,0.5822,0.8690,./work_dir/bdsl_gnn
2026-01-27 19:54:26,bdsl_gnn,55,0.4221,0.7170,./work_dir/bdsl_gnn
2026-01-27 19:56:26,bdsl_gnn,57,0.3367,0.5972,./work_dir/bdsl_gnn
2026-01-27 19:58:27,bdsl_gnn,59,0.3561,0.6139,./work_dir/bdsl_gnn
2026-01-27 20:00:28,bdsl_gnn,61,0.5242,0.7750,./work_dir/bdsl_gnn
2026-01-27 20:02:28,bdsl_gnn,63,0.4941,0.7696,./work_dir/bdsl_gnn
2026-01-27 20:04:29,bdsl_gnn,65,0.4672,0.7234,./work_dir/bdsl_gnn
2026-01-27 20:06:30,bdsl_gnn,67,0.5161,0.7750,./work_dir/bdsl_gnn
2026-01-27 20:08:32,bdsl_gnn,69,0.5349,0.7938,./work_dir/bdsl_gnn
2026-01-27 20:10:32,bdsl_gnn,71,0.4581,0.7003,./work_dir/bdsl_gnn
2026-01-27 20:12:32,bdsl_gnn,73,0.5075,0.7760,./work_dir/bdsl_gnn
2026-01-27 20:14:30,bdsl_gnn,75,0.5430,0.8040,./work_dir/bdsl_gnn
2026-01-27 20:16:29,bdsl_gnn,77,0.5371,0.8024,./work_dir/bdsl_gnn
2026-01-27 20:18:28,bdsl_gnn,79,0.4973,0.7465,./work_dir/bdsl_gnn
2026-01-27 20:20:27,bdsl_gnn,81,0.5263,0.7863,./work_dir/bdsl_gnn
2026-01-27 20:22:25,bdsl_gnn,83,0.4989,0.7530,./work_dir/bdsl_gnn
2026-01-27 20:24:25,bdsl_gnn,85,0.4731,0.7277,./work_dir/bdsl_gnn
2026-01-27 20:26:26,bdsl_gnn,87,0.5252,0.7830,./work_dir/bdsl_gnn
2026-01-27 20:28:26,bdsl_gnn,89,0.5005,0.7519,./work_dir/bdsl_gnn
2026-01-27 20:30:27,bdsl_gnn,91,0.4710,0.7256,./work_dir/bdsl_gnn
2026-01-27 20:32:27,bdsl_gnn,93,0.4834,0.7218,./work_dir/bdsl_gnn
2026-01-27 20:34:26,bdsl_gnn,95,0.4903,0.7390,./work_dir/bdsl_gnn
2026-01-27 20:36:25,bdsl_gnn,97,0.4807,0.7331,./work_dir/bdsl_gnn
2026-01-27 20:38:24,bdsl_gnn,99,0.5027,0.7524,./work_dir/bdsl_gnn
2026-01-27 20:40:10,bdsl_img_gnn,1,0.1341,0.4329,./work_dir/bdsl_img_gnn
2026-01-27 20:41:48,bdsl_img_gnn,3,0.2110,0.5562,./work_dir/bdsl_img_gnn
2026-01-27 20:43:25,bdsl_img_gnn,5,0.2369,0.5950,./work_dir/bdsl_img_gnn
2026-01-27 20:45:03,bdsl_img_gnn,7,0.2696,0.6290,./work_dir/bdsl_img_gnn
2026-01-27 20:46:40,bdsl_img_gnn,9,0.2832,0.6351,./work_dir/bdsl_img_gnn
2026-01-27 20:48:17,bdsl_img_gnn,11,0.2982,0.6562,./work_dir/bdsl_img_gnn
2026-01-27 20:49:54,bdsl_img_gnn,13,0.3118,0.6746,./work_dir/bdsl_img_gnn
2026-01-27 20:51:31,bdsl_img_gnn,15,0.3410,0.6916,./work_dir/bdsl_img_gnn
2026-01-27 20:53:09,bdsl_img_gnn,17,0.3281,0.6787,./work_dir/bdsl_img_gnn
2026-01-27 20:54:47,bdsl_img_gnn,19,0.3342,0.7195,./work_dir/bdsl_img_gnn
2026-01-27 20:56:26,bdsl_img_gnn,21,0.3642,0.7440,./work_dir/bdsl_img_gnn
2026-01-27 20:58:23,bdsl_img_gnn,23,0.3826,0.7563,./work_dir/bdsl_img_gnn
2026-01-27 21:00:33,bdsl_img_gnn,25,0.3962,0.7556,./work_dir/bdsl_img_gnn
2026-01-27 21:02:43,bdsl_img_gnn,27,0.3853,0.7624,./work_dir/bdsl_img_gnn
2026-01-27 21:04:53,bdsl_img_gnn,29,0.4003,0.7686,./work_dir/bdsl_img_gnn
2026-01-27 21:06:48,bdsl_img_gnn,31,0.3975,0.7815,./work_dir/bdsl_img_gnn
2026-01-27 21:08:26,bdsl_img_gnn,33,0.4384,0.7985,./work_dir/bdsl_img_gnn
2026-01-27 21:10:05,bdsl_img_gnn,35,0.4813,0.8087,./work_dir/bdsl_img_gnn
2026-01-27 21:11:43,bdsl_img_gnn,37,0.4690,0.8319,./work_dir/bdsl_img_gnn
2026-01-27 21:13:22,bdsl_img_gnn,39,0.5106,0.8366,./work_dir/bdsl_img_gnn
2026-01-27 21:15:00,bdsl_img_gnn,41,0.4990,0.8332,./work_dir/bdsl_img_gnn
2026-01-27 21:16:38,bdsl_img_gnn,43,0.5391,0.8373,./work_dir/bdsl_img_gnn
2026-01-27 21:18:17,bdsl_img_gnn,45,0.5800,0.8734,./work_dir/bdsl_img_gnn
2026-01-27 21:19:55,bdsl_img_gnn,47,0.5956,0.8741,./work_dir/bdsl_img_gnn
2026-01-27 21:21:34,bdsl_img_gnn,49,0.6181,0.8850,./work_dir/bdsl_img_gnn
2026-01-27 21:23:12,bdsl_img_gnn,51,0.6644,0.8911,./work_dir/bdsl_img_gnn
2026-01-27 21:24:51,bdsl_img_gnn,53,0.6644,0.8897,./work_dir/bdsl_img_gnn
2026-01-27 21:26:29,bdsl_img_gnn,55,0.6549,0.8870,./work_dir/bdsl_img_gnn
2026-01-27 21:28:07,bdsl_img_gnn,57,0.6705,0.8924,./work_dir/bdsl_img_gnn
2026-01-27 21:29:45,bdsl_img_gnn,59,0.6957,0.9054,./work_dir/bdsl_img_gnn
2026-01-27 21:31:23,bdsl_img_gnn,61,0.7638,0.9156,./work_dir/bdsl_img_gnn
2026-01-27 21:33:01,bdsl_img_gnn,63,0.7849,0.9135,./work_dir/bdsl_img_gnn
2026-01-27 21:34:38,bdsl_img_gnn,65,0.8039,0.9149,./work_dir/bdsl_img_gnn
2026-01-27 21:36:15,bdsl_img_gnn,67,0.8087,0.9156,./work_dir/bdsl_img_gnn
2026-01-27 21:37:53,bdsl_img_gnn,69,0.8033,0.9115,./work_dir/bdsl_img_gnn
2026-01-27 21:39:30,bdsl_img_gnn,71,0.8182,0.9129,./work_dir/bdsl_img_gnn
2026-01-27 21:41:07,bdsl_img_gnn,73,0.8257,0.9088,./work_dir/bdsl_img_gnn
2026-01-27 21:42:44,bdsl_img_gnn,75,0.8291,0.9210,./work_dir/bdsl_img_gnn
2026-01-27 21:44:21,bdsl_img_gnn,77,0.8298,0.9176,./work_dir/bdsl_img_gnn
2026-01-27 21:45:58,bdsl_img_gnn,79,0.8387,0.9156,./work_dir/bdsl_img_gnn
2026-01-27 21:47:35,bdsl_img_gnn,81,0.8332,0.9122,./work_dir/bdsl_img_gnn
2026-01-27 21:49:14,bdsl_img_gnn,83,0.8312,0.9176,./work_dir/bdsl_img_gnn
2026-01-27 21:50:53,bdsl_img_gnn,85,0.8373,0.9081,./work_dir/bdsl_img_gnn
2026-01-27 21:52:37,bdsl_img_gnn,87,0.8346,0.9142,./work_dir/bdsl_img_gnn
2026-01-27 21:54:45,bdsl_img_gnn,89,0.8373,0.9067,./work_dir/bdsl_img_gnn
2026-01-27 21:56:56,bdsl_img_gnn,91,0.8387,0.9224,./work_dir/bdsl_img_gnn
2026-01-27 21:59:05,bdsl_img_gnn,93,0.8387,0.9122,./work_dir/bdsl_img_gnn
2026-01-27 22:01:15,bdsl_img_gnn,95,0.8400,0.9170,./work_dir/bdsl_img_gnn
2026-01-27 22:03:26,bdsl_img_gnn,97,0.8380,0.9170,./work_dir/bdsl_img_gnn
2026-01-27 22:05:37,bdsl_img_gnn,99,0.8285,0.9122,./work_dir/bdsl_img_gnn
2026-01-27 22:06:45,bdsl_gnn_lstm,1,0.0580,0.1412,./work_dir/bdsl_gnn_lstm
2026-01-27 22:07:39,bdsl_gnn_lstm,3,0.0698,0.2519,./work_dir/bdsl_gnn_lstm
2026-01-27 22:08:32,bdsl_gnn_lstm,5,0.1241,0.4012,./work_dir/bdsl_gnn_lstm
2026-01-27 22:09:25,bdsl_gnn_lstm,7,0.0951,0.3899,./work_dir/bdsl_gnn_lstm
2026-01-27 22:10:19,bdsl_gnn_lstm,9,0.1482,0.4694,./work_dir/bdsl_gnn_lstm
2026-01-27 22:11:13,bdsl_gnn_lstm,11,0.0902,0.3507,./work_dir/bdsl_gnn_lstm
2026-01-27 22:12:06,bdsl_gnn_lstm,13,0.1305,0.4646,./work_dir/bdsl_gnn_lstm
2026-01-27 22:13:00,bdsl_gnn_lstm,15,0.1864,0.5537,./work_dir/bdsl_gnn_lstm
2026-01-27 22:13:54,bdsl_gnn_lstm,17,0.0945,0.3260,./work_dir/bdsl_gnn_lstm
2026-01-27 22:14:47,bdsl_gnn_lstm,19,0.1638,0.5209,./work_dir/bdsl_gnn_lstm
2026-01-27 22:15:41,bdsl_gnn_lstm,21,0.1300,0.4624,./work_dir/bdsl_gnn_lstm
2026-01-27 22:16:34,bdsl_gnn_lstm,23,0.0768,0.2916,./work_dir/bdsl_gnn_lstm
2026-01-27 22:17:27,bdsl_gnn_lstm,25,0.2229,0.6031,./work_dir/bdsl_gnn_lstm
2026-01-27 22:18:20,bdsl_gnn_lstm,27,0.2100,0.5843,./work_dir/bdsl_gnn_lstm
2026-01-27 22:19:12,bdsl_gnn_lstm,29,0.1284,0.4329,./work_dir/bdsl_gnn_lstm
2026-01-27 22:20:05,bdsl_gnn_lstm,31,0.2240,0.6053,./work_dir/bdsl_gnn_lstm
2026-01-27 22:20:58,bdsl_gnn_lstm,33,0.2089,0.5376,./work_dir/bdsl_gnn_lstm
2026-01-27 22:21:51,bdsl_gnn_lstm,35,0.2116,0.5886,./work_dir/bdsl_gnn_lstm
2026-01-27 22:22:44,bdsl_gnn_lstm,37,0.1944,0.5118,./work_dir/bdsl_gnn_lstm
2026-01-27 22:23:35,bdsl_gnn_lstm,39,0.3093,0.6966,./work_dir/bdsl_gnn_lstm
2026-01-27 22:24:28,bdsl_gnn_lstm,41,0.2100,0.5209,./work_dir/bdsl_gnn_lstm
2026-01-27 22:25:21,bdsl_gnn_lstm,43,0.1778,0.4586,./work_dir/bdsl_gnn_lstm
2026-01-27 22:26:14,bdsl_gnn_lstm,45,0.2240,0.5800,./work_dir/bdsl_gnn_lstm
2026-01-27 22:27:07,bdsl_gnn_lstm,47,0.1998,0.4769,./work_dir/bdsl_gnn_lstm
2026-01-27 22:27:59,bdsl_gnn_lstm,49,0.1359,0.3690,./work_dir/bdsl_gnn_lstm
2026-01-27 22:28:52,bdsl_gnn_lstm,51,0.1697,0.4952,./work_dir/bdsl_gnn_lstm
2026-01-27 22:29:46,bdsl_gnn_lstm,53,0.2519,0.6128,./work_dir/bdsl_gnn_lstm
2026-01-27 22:30:39,bdsl_gnn_lstm,55,0.1584,0.4066,./work_dir/bdsl_gnn_lstm
2026-01-27 22:31:31,bdsl_gnn_lstm,57,0.3110,0.6536,./work_dir/bdsl_gnn_lstm
2026-01-27 22:32:23,bdsl_gnn_lstm,59,0.2148,0.4919,./work_dir/bdsl_gnn_lstm
2026-01-27 22:33:15,bdsl_gnn_lstm,61,0.3593,0.6928,./work_dir/bdsl_gnn_lstm
2026-01-27 22:34:09,bdsl_gnn_lstm,63,0.4162,0.7658,./work_dir/bdsl_gnn_lstm
2026-01-27 22:35:03,bdsl_gnn_lstm,65,0.4168,0.7589,./work_dir/bdsl_gnn_lstm
2026-01-27 22:35:56,bdsl_gnn_lstm,67,0.3894,0.7325,./work_dir/bdsl_gnn_lstm
2026-01-27 22:36:49,bdsl_gnn_lstm,69,0.3738,0.7180,./work_dir/bdsl_gnn_lstm
2026-01-27 22:37:42,bdsl_gnn_lstm,71,0.3845,0.7095,./work_dir/bdsl_gnn_lstm
2026-01-27 22:38:35,bdsl_gnn_lstm,73,0.4119,0.7427,./work_dir/bdsl_gnn_lstm
2026-01-27 22:39:28,bdsl_gnn_lstm,75,0.3604,0.6874,./work_dir/bdsl_gnn_lstm
2026-01-27 22:40:20,bdsl_gnn_lstm,77,0.3534,0.6772,./work_dir/bdsl_gnn_lstm
2026-01-27 22:41:13,bdsl_gnn_lstm,79,0.3861,0.7164,./work_dir/bdsl_gnn_lstm
2026-01-27 22:42:05,bdsl_gnn_lstm,81,0.3571,0.6563,./work_dir/bdsl_gnn_lstm
2026-01-27 22:42:57,bdsl_gnn_lstm,83,0.3539,0.6788,./work_dir/bdsl_gnn_lstm
2026-01-27 22:43:49,bdsl_gnn_lstm,85,0.3770,0.6901,./work_dir/bdsl_gnn_lstm
2026-01-27 22:44:42,bdsl_gnn_lstm,87,0.3604,0.6719,./work_dir/bdsl_gnn_lstm
2026-01-27 22:45:34,bdsl_gnn_lstm,89,0.3700,0.7035,./work_dir/bdsl_gnn_lstm
2026-01-27 22:46:26,bdsl_gnn_lstm,91,0.3663,0.6998,./work_dir/bdsl_gnn_lstm
2026-01-27 22:47:18,bdsl_gnn_lstm,93,0.3888,0.7207,./work_dir/bdsl_gnn_lstm
2026-01-27 22:48:10,bdsl_gnn_lstm,95,0.3883,0.7197,./work_dir/bdsl_gnn_lstm
2026-01-27 22:49:03,bdsl_gnn_lstm,97,0.3867,0.7132,./work_dir/bdsl_gnn_lstm
2026-01-27 22:49:56,bdsl_gnn_lstm,99,0.3528,0.6638,./work_dir/bdsl_gnn_lstm
2026-01-27 22:50:49,bdsl_img_gnn_lstm,1,0.0442,0.2110,./work_dir/bdsl_img_gnn_lstm
2026-01-27 22:51:32,bdsl_img_gnn_lstm,3,0.0517,0.2587,./work_dir/bdsl_img_gnn_lstm
2026-01-27 22:52:14,bdsl_img_gnn_lstm,5,0.0606,0.2716,./work_dir/bdsl_img_gnn_lstm
2026-01-27 22:52:57,bdsl_img_gnn_lstm,7,0.0722,0.3036,./work_dir/bdsl_img_gnn_lstm
2026-01-27 22:53:40,bdsl_img_gnn_lstm,9,0.0926,0.3233,./work_dir/bdsl_img_gnn_lstm
2026-01-27 22:54:22,bdsl_img_gnn_lstm,11,0.0926,0.3227,./work_dir/bdsl_img_gnn_lstm
2026-01-27 22:55:04,bdsl_img_gnn_lstm,13,0.0885,0.3376,./work_dir/bdsl_img_gnn_lstm
2026-01-27 22:55:47,bdsl_img_gnn_lstm,15,0.1076,0.3295,./work_dir/bdsl_img_gnn_lstm
2026-01-27 22:56:29,bdsl_img_gnn_lstm,17,0.0892,0.3022,./work_dir/bdsl_img_gnn_lstm
2026-01-27 22:57:12,bdsl_img_gnn_lstm,19,0.1014,0.3145,./work_dir/bdsl_img_gnn_lstm
2026-01-27 22:57:54,bdsl_img_gnn_lstm,21,0.0926,0.3363,./work_dir/bdsl_img_gnn_lstm
2026-01-27 22:58:37,bdsl_img_gnn_lstm,23,0.0953,0.3268,./work_dir/bdsl_img_gnn_lstm
2026-01-27 22:59:20,bdsl_img_gnn_lstm,25,0.1028,0.3254,./work_dir/bdsl_img_gnn_lstm
2026-01-27 23:00:02,bdsl_img_gnn_lstm,27,0.0967,0.3390,./work_dir/bdsl_img_gnn_lstm
2026-01-27 23:00:45,bdsl_img_gnn_lstm,29,0.0946,0.3179,./work_dir/bdsl_img_gnn_lstm
2026-01-27 23:01:27,bdsl_img_gnn_lstm,31,0.0905,0.3404,./work_dir/bdsl_img_gnn_lstm
2026-01-27 23:02:10,bdsl_img_gnn_lstm,33,0.1021,0.3370,./work_dir/bdsl_img_gnn_lstm
2026-01-27 23:02:52,bdsl_img_gnn_lstm,35,0.0994,0.3649,./work_dir/bdsl_img_gnn_lstm
2026-01-27 23:03:34,bdsl_img_gnn_lstm,37,0.0967,0.3261,./work_dir/bdsl_img_gnn_lstm
2026-01-27 23:04:17,bdsl_img_gnn_lstm,39,0.1048,0.3363,./work_dir/bdsl_img_gnn_lstm
2026-01-27 23:04:59,bdsl_img_gnn_lstm,41,0.1021,0.3376,./work_dir/bdsl_img_gnn_lstm
2026-01-27 23:05:41,bdsl_img_gnn_lstm,43,0.1130,0.3492,./work_dir/bdsl_img_gnn_lstm
2026-01-27 23:06:24,bdsl_img_gnn_lstm,45,0.0871,0.3193,./work_dir/bdsl_img_gnn_lstm
2026-01-27 23:07:07,bdsl_img_gnn_lstm,47,0.1035,0.3533,./work_dir/bdsl_img_gnn_lstm
2026-01-27 23:07:49,bdsl_img_gnn_lstm,49,0.1048,0.3383,./work_dir/bdsl_img_gnn_lstm
2026-01-27 23:08:32,bdsl_img_gnn_lstm,51,0.0912,0.3152,./work_dir/bdsl_img_gnn_lstm
2026-01-27 23:09:15,bdsl_img_gnn_lstm,53,0.0837,0.3274,./work_dir/bdsl_img_gnn_lstm
2026-01-27 23:09:58,bdsl_img_gnn_lstm,55,0.0953,0.3356,./work_dir/bdsl_img_gnn_lstm
2026-01-27 23:10:38,bdsl_img_gnn_lstm,57,0.0837,0.3363,./work_dir/bdsl_img_gnn_lstm
2026-01-27 23:11:22,bdsl_img_gnn_lstm,59,0.0973,0.3104,./work_dir/bdsl_img_gnn_lstm
2026-01-27 23:12:03,bdsl_img_gnn_lstm,61,0.0933,0.3587,./work_dir/bdsl_img_gnn_lstm
2026-01-27 23:12:44,bdsl_img_gnn_lstm,63,0.0871,0.3506,./work_dir/bdsl_img_gnn_lstm
2026-01-27 23:13:25,bdsl_img_gnn_lstm,65,0.0994,0.3553,./work_dir/bdsl_img_gnn_lstm
2026-01-27 23:14:06,bdsl_img_gnn_lstm,67,0.0939,0.3547,./work_dir/bdsl_img_gnn_lstm
2026-01-27 23:14:49,bdsl_img_gnn_lstm,69,0.0960,0.3445,./work_dir/bdsl_img_gnn_lstm
2026-01-27 23:15:30,bdsl_img_gnn_lstm,71,0.0912,0.3383,./work_dir/bdsl_img_gnn_lstm
2026-01-27 23:16:14,bdsl_img_gnn_lstm,73,0.1014,0.3642,./work_dir/bdsl_img_gnn_lstm
2026-01-27 23:16:55,bdsl_img_gnn_lstm,75,0.0912,0.3356,./work_dir/bdsl_img_gnn_lstm
2026-01-27 23:17:39,bdsl_img_gnn_lstm,77,0.0967,0.3376,./work_dir/bdsl_img_gnn_lstm
2026-01-27 23:18:20,bdsl_img_gnn_lstm,79,0.1069,0.3526,./work_dir/bdsl_img_gnn_lstm
2026-01-27 23:19:03,bdsl_img_gnn_lstm,81,0.1014,0.3438,./work_dir/bdsl_img_gnn_lstm
2026-01-27 23:19:45,bdsl_img_gnn_lstm,83,0.1055,0.3581,./work_dir/bdsl_img_gnn_lstm
2026-01-27 23:20:29,bdsl_img_gnn_lstm,85,0.0967,0.3410,./work_dir/bdsl_img_gnn_lstm
2026-01-27 23:21:11,bdsl_img_gnn_lstm,87,0.1035,0.3553,./work_dir/bdsl_img_gnn_lstm
2026-01-27 23:21:54,bdsl_img_gnn_lstm,89,0.1021,0.3574,./work_dir/bdsl_img_gnn_lstm
2026-01-27 23:22:36,bdsl_img_gnn_lstm,91,0.1035,0.3513,./work_dir/bdsl_img_gnn_lstm
2026-01-27 23:23:19,bdsl_img_gnn_lstm,93,0.1116,0.3792,./work_dir/bdsl_img_gnn_lstm
2026-01-27 23:24:01,bdsl_img_gnn_lstm,95,0.0967,0.3540,./work_dir/bdsl_img_gnn_lstm
2026-01-27 23:24:44,bdsl_img_gnn_lstm,97,0.0919,0.3370,./work_dir/bdsl_img_gnn_lstm
2026-01-27 23:25:26,bdsl_img_gnn_lstm,99,0.1110,0.3710,./work_dir/bdsl_img_gnn_lstm
2026-01-27 23:26:03,bdsl_gnn_transformer,1,0.0806,0.3330,./work_dir/bdsl_gnn_transformer
2026-01-27 23:26:27,bdsl_gnn_transformer,3,0.0854,0.3271,./work_dir/bdsl_gnn_transformer
2026-01-27 23:26:48,bdsl_gnn_transformer,5,0.0972,0.4103,./work_dir/bdsl_gnn_transformer
2026-01-27 23:27:11,bdsl_gnn_transformer,7,0.0494,0.2073,./work_dir/bdsl_gnn_transformer
2026-01-27 23:27:34,bdsl_gnn_transformer,9,0.0591,0.2143,./work_dir/bdsl_gnn_transformer
2026-01-27 23:27:57,bdsl_gnn_transformer,11,0.0526,0.2411,./work_dir/bdsl_gnn_transformer
2026-01-27 23:28:19,bdsl_gnn_transformer,13,0.0661,0.2170,./work_dir/bdsl_gnn_transformer
2026-01-27 23:28:41,bdsl_gnn_transformer,15,0.0634,0.2309,./work_dir/bdsl_gnn_transformer
2026-01-27 23:29:05,bdsl_gnn_transformer,17,0.0886,0.3469,./work_dir/bdsl_gnn_transformer
2026-01-27 23:29:28,bdsl_gnn_transformer,19,0.1348,0.4447,./work_dir/bdsl_gnn_transformer
2026-01-27 23:29:50,bdsl_gnn_transformer,21,0.0671,0.2342,./work_dir/bdsl_gnn_transformer
2026-01-27 23:30:12,bdsl_gnn_transformer,23,0.0977,0.3577,./work_dir/bdsl_gnn_transformer
2026-01-27 23:30:35,bdsl_gnn_transformer,25,0.0671,0.2578,./work_dir/bdsl_gnn_transformer
2026-01-27 23:30:58,bdsl_gnn_transformer,27,0.0956,0.3802,./work_dir/bdsl_gnn_transformer
2026-01-27 23:31:21,bdsl_gnn_transformer,29,0.1708,0.4726,./work_dir/bdsl_gnn_transformer
2026-01-27 23:31:42,bdsl_gnn_transformer,31,0.1230,0.4517,./work_dir/bdsl_gnn_transformer
2026-01-27 23:32:04,bdsl_gnn_transformer,33,0.1262,0.4114,./work_dir/bdsl_gnn_transformer
2026-01-27 23:32:26,bdsl_gnn_transformer,35,0.1681,0.5021,./work_dir/bdsl_gnn_transformer
2026-01-27 23:32:47,bdsl_gnn_transformer,37,0.1660,0.4828,./work_dir/bdsl_gnn_transformer
2026-01-27 23:33:09,bdsl_gnn_transformer,39,0.1128,0.3770,./work_dir/bdsl_gnn_transformer
2026-01-27 23:33:32,bdsl_gnn_transformer,41,0.0988,0.3743,./work_dir/bdsl_gnn_transformer
2026-01-27 23:33:54,bdsl_gnn_transformer,43,0.0999,0.3459,./work_dir/bdsl_gnn_transformer
2026-01-27 23:34:16,bdsl_gnn_transformer,45,0.1676,0.5086,./work_dir/bdsl_gnn_transformer
2026-01-27 23:34:40,bdsl_gnn_transformer,47,0.2143,0.5816,./work_dir/bdsl_gnn_transformer
2026-01-27 23:35:02,bdsl_gnn_transformer,49,0.1831,0.5054,./work_dir/bdsl_gnn_transformer
2026-01-27 23:35:25,bdsl_gnn_transformer,51,0.1692,0.5011,./work_dir/bdsl_gnn_transformer
2026-01-27 23:35:48,bdsl_gnn_transformer,53,0.1955,0.5510,./work_dir/bdsl_gnn_transformer
2026-01-27 23:36:11,bdsl_gnn_transformer,55,0.2148,0.5816,./work_dir/bdsl_gnn_transformer
2026-01-27 23:36:33,bdsl_gnn_transformer,57,0.2417,0.5816,./work_dir/bdsl_gnn_transformer
2026-01-27 23:36:56,bdsl_gnn_transformer,59,0.1595,0.4699,./work_dir/bdsl_gnn_transformer
2026-01-27 23:37:18,bdsl_gnn_transformer,61,0.1783,0.4952,./work_dir/bdsl_gnn_transformer
2026-01-27 23:37:41,bdsl_gnn_transformer,63,0.1982,0.5392,./work_dir/bdsl_gnn_transformer
2026-01-27 23:38:04,bdsl_gnn_transformer,65,0.1853,0.5081,./work_dir/bdsl_gnn_transformer
2026-01-27 23:38:27,bdsl_gnn_transformer,67,0.2164,0.5628,./work_dir/bdsl_gnn_transformer
2026-01-27 23:38:50,bdsl_gnn_transformer,69,0.1982,0.5526,./work_dir/bdsl_gnn_transformer
2026-01-27 23:39:13,bdsl_gnn_transformer,71,0.1923,0.5199,./work_dir/bdsl_gnn_transformer
2026-01-27 23:39:35,bdsl_gnn_transformer,73,0.2009,0.5473,./work_dir/bdsl_gnn_transformer
2026-01-27 23:39:58,bdsl_gnn_transformer,75,0.1976,0.5285,./work_dir/bdsl_gnn_transformer
2026-01-27 23:40:20,bdsl_gnn_transformer,77,0.1831,0.4914,./work_dir/bdsl_gnn_transformer
2026-01-27 23:40:43,bdsl_gnn_transformer,79,0.2164,0.5757,./work_dir/bdsl_gnn_transformer
2026-01-27 23:41:06,bdsl_gnn_transformer,81,0.2046,0.5467,./work_dir/bdsl_gnn_transformer
2026-01-27 23:41:28,bdsl_gnn_transformer,83,0.2030,0.5365,./work_dir/bdsl_gnn_transformer
2026-01-27 23:41:51,bdsl_gnn_transformer,85,0.1821,0.5242,./work_dir/bdsl_gnn_transformer
2026-01-27 23:42:14,bdsl_gnn_transformer,87,0.2025,0.5462,./work_dir/bdsl_gnn_transformer
2026-01-27 23:42:36,bdsl_gnn_transformer,89,0.2374,0.5897,./work_dir/bdsl_gnn_transformer
2026-01-27 23:42:59,bdsl_gnn_transformer,91,0.2089,0.5387,./work_dir/bdsl_gnn_transformer
2026-01-27 23:43:22,bdsl_gnn_transformer,93,0.2014,0.5301,./work_dir/bdsl_gnn_transformer
2026-01-27 23:43:45,bdsl_gnn_transformer,95,0.2132,0.5687,./work_dir/bdsl_gnn_transformer
2026-01-27 23:44:08,bdsl_gnn_transformer,97,0.2068,0.5462,./work_dir/bdsl_gnn_transformer
2026-01-27 23:44:30,bdsl_gnn_transformer,99,0.2078,0.5607,./work_dir/bdsl_gnn_transformer
2026-01-27 23:45:01,bdsl_img_gnn_transformer,1,0.0619,0.2614,./work_dir/bdsl_img_gnn_transformer
2026-01-27 23:45:20,bdsl_img_gnn_transformer,3,0.0837,0.2948,./work_dir/bdsl_img_gnn_transformer
2026-01-27 23:45:38,bdsl_img_gnn_transformer,5,0.0858,0.2907,./work_dir/bdsl_img_gnn_transformer
2026-01-27 23:45:58,bdsl_img_gnn_transformer,7,0.0803,0.3002,./work_dir/bdsl_img_gnn_transformer
2026-01-27 23:46:17,bdsl_img_gnn_transformer,9,0.0892,0.2839,./work_dir/bdsl_img_gnn_transformer
2026-01-27 23:46:36,bdsl_img_gnn_transformer,11,0.0830,0.3063,./work_dir/bdsl_img_gnn_transformer
2026-01-27 23:46:55,bdsl_img_gnn_transformer,13,0.0810,0.2764,./work_dir/bdsl_img_gnn_transformer
2026-01-27 23:47:14,bdsl_img_gnn_transformer,15,0.0790,0.2941,./work_dir/bdsl_img_gnn_transformer
2026-01-27 23:47:33,bdsl_img_gnn_transformer,17,0.0756,0.2988,./work_dir/bdsl_img_gnn_transformer
2026-01-27 23:47:52,bdsl_img_gnn_transformer,19,0.0817,0.3070,./work_dir/bdsl_img_gnn_transformer
2026-01-27 23:48:11,bdsl_img_gnn_transformer,21,0.0830,0.2839,./work_dir/bdsl_img_gnn_transformer
2026-01-27 23:48:29,bdsl_img_gnn_transformer,23,0.0892,0.3410,./work_dir/bdsl_img_gnn_transformer
2026-01-27 23:48:49,bdsl_img_gnn_transformer,25,0.0865,0.3002,./work_dir/bdsl_img_gnn_transformer
2026-01-27 23:49:08,bdsl_img_gnn_transformer,27,0.1028,0.3315,./work_dir/bdsl_img_gnn_transformer
2026-01-27 23:49:26,bdsl_img_gnn_transformer,29,0.0946,0.3268,./work_dir/bdsl_img_gnn_transformer
2026-01-27 23:49:45,bdsl_img_gnn_transformer,31,0.1028,0.3186,./work_dir/bdsl_img_gnn_transformer
2026-01-27 23:50:04,bdsl_img_gnn_transformer,33,0.1164,0.3390,./work_dir/bdsl_img_gnn_transformer
2026-01-27 23:50:23,bdsl_img_gnn_transformer,35,0.0878,0.3349,./work_dir/bdsl_img_gnn_transformer
2026-01-27 23:50:42,bdsl_img_gnn_transformer,37,0.0858,0.3077,./work_dir/bdsl_img_gnn_transformer
2026-01-27 23:51:01,bdsl_img_gnn_transformer,39,0.0905,0.3091,./work_dir/bdsl_img_gnn_transformer
2026-01-27 23:51:20,bdsl_img_gnn_transformer,41,0.0960,0.3370,./work_dir/bdsl_img_gnn_transformer
2026-01-27 23:51:39,bdsl_img_gnn_transformer,43,0.1171,0.3356,./work_dir/bdsl_img_gnn_transformer
2026-01-27 23:51:58,bdsl_img_gnn_transformer,45,0.0960,0.3199,./work_dir/bdsl_img_gnn_transformer
2026-01-27 23:52:16,bdsl_img_gnn_transformer,47,0.0817,0.3199,./work_dir/bdsl_img_gnn_transformer
2026-01-27 23:52:36,bdsl_img_gnn_transformer,49,0.1055,0.3077,./work_dir/bdsl_img_gnn_transformer
2026-01-27 23:52:55,bdsl_img_gnn_transformer,51,0.1076,0.3029,./work_dir/bdsl_img_gnn_transformer
2026-01-27 23:53:13,bdsl_img_gnn_transformer,53,0.0728,0.2961,./work_dir/bdsl_img_gnn_transformer
2026-01-27 23:53:33,bdsl_img_gnn_transformer,55,0.0504,0.2553,./work_dir/bdsl_img_gnn_transformer
2026-01-27 23:53:52,bdsl_img_gnn_transformer,57,0.0858,0.2907,./work_dir/bdsl_img_gnn_transformer
2026-01-27 23:54:11,bdsl_img_gnn_transformer,59,0.0878,0.3097,./work_dir/bdsl_img_gnn_transformer
2026-01-27 23:54:29,bdsl_img_gnn_transformer,61,0.1021,0.3199,./work_dir/bdsl_img_gnn_transformer
2026-01-27 23:54:49,bdsl_img_gnn_transformer,63,0.0939,0.3268,./work_dir/bdsl_img_gnn_transformer
2026-01-27 23:55:08,bdsl_img_gnn_transformer,65,0.1103,0.3438,./work_dir/bdsl_img_gnn_transformer
2026-01-27 23:55:26,bdsl_img_gnn_transformer,67,0.1334,0.3928,./work_dir/bdsl_img_gnn_transformer
2026-01-27 23:55:45,bdsl_img_gnn_transformer,69,0.1096,0.3519,./work_dir/bdsl_img_gnn_transformer
2026-01-27 23:56:05,bdsl_img_gnn_transformer,71,0.1137,0.3622,./work_dir/bdsl_img_gnn_transformer
2026-01-27 23:56:23,bdsl_img_gnn_transformer,73,0.1198,0.3717,./work_dir/bdsl_img_gnn_transformer
2026-01-27 23:56:42,bdsl_img_gnn_transformer,75,0.1130,0.3560,./work_dir/bdsl_img_gnn_transformer
2026-01-27 23:57:01,bdsl_img_gnn_transformer,77,0.1178,0.3465,./work_dir/bdsl_img_gnn_transformer
2026-01-27 23:57:20,bdsl_img_gnn_transformer,79,0.1082,0.3499,./work_dir/bdsl_img_gnn_transformer
2026-01-27 23:57:39,bdsl_img_gnn_transformer,81,0.1116,0.3472,./work_dir/bdsl_img_gnn_transformer
2026-01-27 23:57:58,bdsl_img_gnn_transformer,83,0.1110,0.3683,./work_dir/bdsl_img_gnn_transformer
2026-01-27 23:58:16,bdsl_img_gnn_transformer,85,0.1348,0.4016,./work_dir/bdsl_img_gnn_transformer
2026-01-27 23:58:35,bdsl_img_gnn_transformer,87,0.1219,0.3907,./work_dir/bdsl_img_gnn_transformer
2026-01-27 23:58:54,bdsl_img_gnn_transformer,89,0.1069,0.3499,./work_dir/bdsl_img_gnn_transformer
2026-01-27 23:59:13,bdsl_img_gnn_transformer,91,0.1055,0.3513,./work_dir/bdsl_img_gnn_transformer
2026-01-27 23:59:32,bdsl_img_gnn_transformer,93,0.0919,0.3336,./work_dir/bdsl_img_gnn_transformer
2026-01-27 23:59:51,bdsl_img_gnn_transformer,95,0.1069,0.3581,./work_dir/bdsl_img_gnn_transformer
2026-01-28 00:00:09,bdsl_img_gnn_transformer,97,0.1171,0.3690,./work_dir/bdsl_img_gnn_transformer
2026-01-28 00:00:29,bdsl_img_gnn_transformer,99,0.1014,0.3472,./work_dir/bdsl_img_gnn_transformer
2026-01-28 00:26:31,bdsl_gnn,1,0.0816,0.3582,./work_dir/bdsl_gnn
2026-01-28 00:29:05,bdsl_gnn,3,0.1278,0.4146,./work_dir/bdsl_gnn
2026-01-28 00:31:43,bdsl_gnn,5,0.1805,0.5081,./work_dir/bdsl_gnn
2026-01-28 00:34:20,bdsl_gnn,7,0.1853,0.5059,./work_dir/bdsl_gnn
2026-01-28 00:36:59,bdsl_gnn,9,0.1509,0.4678,./work_dir/bdsl_gnn
2026-01-28 00:39:39,bdsl_gnn,11,0.1466,0.4490,./work_dir/bdsl_gnn
2026-01-28 00:42:18,bdsl_gnn,13,0.1788,0.5091,./work_dir/bdsl_gnn
2026-01-28 00:44:56,bdsl_gnn,15,0.2240,0.6074,./work_dir/bdsl_gnn
2026-01-28 00:47:36,bdsl_gnn,17,0.1762,0.4774,./work_dir/bdsl_gnn
2026-01-28 00:50:14,bdsl_gnn,19,0.2143,0.5671,./work_dir/bdsl_gnn
2026-01-28 00:52:54,bdsl_gnn,21,0.3072,0.6783,./work_dir/bdsl_gnn
2026-01-28 00:55:32,bdsl_gnn,23,0.2841,0.6369,./work_dir/bdsl_gnn
2026-01-28 00:58:11,bdsl_gnn,25,0.2696,0.5542,./work_dir/bdsl_gnn
2026-01-28 01:00:50,bdsl_gnn,27,0.3400,0.7062,./work_dir/bdsl_gnn
2026-01-28 01:03:28,bdsl_gnn,29,0.2272,0.4962,./work_dir/bdsl_gnn
2026-01-28 01:06:07,bdsl_gnn,31,0.3104,0.6455,./work_dir/bdsl_gnn
2026-01-28 01:08:46,bdsl_gnn,33,0.2975,0.6026,./work_dir/bdsl_gnn
2026-01-28 01:11:24,bdsl_gnn,35,0.2895,0.5408,./work_dir/bdsl_gnn
2026-01-28 01:14:03,bdsl_gnn,37,0.5043,0.8018,./work_dir/bdsl_gnn
2026-01-28 01:16:41,bdsl_gnn,39,0.2927,0.6101,./work_dir/bdsl_gnn
2026-01-28 01:19:19,bdsl_gnn,41,0.3351,0.5908,./work_dir/bdsl_gnn
2026-01-28 01:21:58,bdsl_gnn,43,0.3324,0.5773,./work_dir/bdsl_gnn
2026-01-28 01:24:37,bdsl_gnn,45,0.3620,0.6595,./work_dir/bdsl_gnn
2026-01-28 01:27:15,bdsl_gnn,47,0.4296,0.7250,./work_dir/bdsl_gnn
2026-01-28 01:29:55,bdsl_gnn,49,0.4039,0.6901,./work_dir/bdsl_gnn
2026-01-28 01:32:33,bdsl_gnn,51,0.3856,0.6933,./work_dir/bdsl_gnn
2026-01-28 01:35:11,bdsl_gnn,53,0.5822,0.8690,./work_dir/bdsl_gnn
2026-01-28 01:37:50,bdsl_gnn,55,0.4221,0.7170,./work_dir/bdsl_gnn
2026-01-28 01:40:29,bdsl_gnn,57,0.3367,0.5972,./work_dir/bdsl_gnn
2026-01-28 01:43:07,bdsl_gnn,59,0.3561,0.6139,./work_dir/bdsl_gnn
2026-01-28 01:45:46,bdsl_gnn,61,0.5242,0.7750,./work_dir/bdsl_gnn
2026-01-28 01:48:25,bdsl_gnn,63,0.4941,0.7696,./work_dir/bdsl_gnn
2026-01-28 01:51:03,bdsl_gnn,65,0.4672,0.7234,./work_dir/bdsl_gnn
2026-01-28 01:53:40,bdsl_gnn,67,0.5161,0.7750,./work_dir/bdsl_gnn
2026-01-28 01:56:12,bdsl_gnn,69,0.5349,0.7938,./work_dir/bdsl_gnn
2026-01-28 01:58:52,bdsl_gnn,71,0.4581,0.7003,./work_dir/bdsl_gnn
2026-01-28 02:01:29,bdsl_gnn,73,0.5075,0.7760,./work_dir/bdsl_gnn
2026-01-28 02:04:08,bdsl_gnn,75,0.5430,0.8040,./work_dir/bdsl_gnn
2026-01-28 02:06:45,bdsl_gnn,77,0.5371,0.8024,./work_dir/bdsl_gnn
2026-01-28 02:09:25,bdsl_gnn,79,0.4973,0.7465,./work_dir/bdsl_gnn
2026-01-28 02:12:02,bdsl_gnn,81,0.5263,0.7863,./work_dir/bdsl_gnn
2026-01-28 02:14:39,bdsl_gnn,83,0.4989,0.7530,./work_dir/bdsl_gnn
2026-01-28 02:17:13,bdsl_gnn,85,0.4731,0.7277,./work_dir/bdsl_gnn
2026-01-28 02:19:49,bdsl_gnn,87,0.5252,0.7830,./work_dir/bdsl_gnn
2026-01-28 02:22:26,bdsl_gnn,89,0.5005,0.7519,./work_dir/bdsl_gnn
2026-01-28 02:25:05,bdsl_gnn,91,0.4710,0.7256,./work_dir/bdsl_gnn
2026-01-28 02:27:45,bdsl_gnn,93,0.4834,0.7218,./work_dir/bdsl_gnn
2026-01-28 02:30:23,bdsl_gnn,95,0.4903,0.7390,./work_dir/bdsl_gnn
2026-01-28 02:33:02,bdsl_gnn,97,0.4807,0.7331,./work_dir/bdsl_gnn
2026-01-28 02:35:42,bdsl_gnn,99,0.5027,0.7524,./work_dir/bdsl_gnn
2026-01-28 02:38:05,bdsl_img_gnn,1,0.1341,0.4329,./work_dir/bdsl_img_gnn
2026-01-28 02:40:16,bdsl_img_gnn,3,0.2110,0.5562,./work_dir/bdsl_img_gnn
2026-01-28 02:42:27,bdsl_img_gnn,5,0.2369,0.5950,./work_dir/bdsl_img_gnn
2026-01-28 02:44:38,bdsl_img_gnn,7,0.2696,0.6290,./work_dir/bdsl_img_gnn
2026-01-28 02:46:49,bdsl_img_gnn,9,0.2832,0.6351,./work_dir/bdsl_img_gnn
2026-01-28 02:48:59,bdsl_img_gnn,11,0.2982,0.6562,./work_dir/bdsl_img_gnn
2026-01-28 02:51:09,bdsl_img_gnn,13,0.3118,0.6746,./work_dir/bdsl_img_gnn
2026-01-28 02:53:20,bdsl_img_gnn,15,0.3410,0.6916,./work_dir/bdsl_img_gnn
2026-01-28 02:55:29,bdsl_img_gnn,17,0.3281,0.6787,./work_dir/bdsl_img_gnn
2026-01-28 02:57:39,bdsl_img_gnn,19,0.3342,0.7195,./work_dir/bdsl_img_gnn
2026-01-28 02:59:49,bdsl_img_gnn,21,0.3642,0.7440,./work_dir/bdsl_img_gnn
2026-01-28 03:01:58,bdsl_img_gnn,23,0.3826,0.7563,./work_dir/bdsl_img_gnn
2026-01-28 03:04:08,bdsl_img_gnn,25,0.3962,0.7556,./work_dir/bdsl_img_gnn
2026-01-28 03:06:17,bdsl_img_gnn,27,0.3853,0.7624,./work_dir/bdsl_img_gnn
2026-01-28 03:08:27,bdsl_img_gnn,29,0.4003,0.7686,./work_dir/bdsl_img_gnn
2026-01-28 03:10:36,bdsl_img_gnn,31,0.3975,0.7815,./work_dir/bdsl_img_gnn
2026-01-28 03:12:46,bdsl_img_gnn,33,0.4384,0.7985,./work_dir/bdsl_img_gnn
2026-01-28 03:14:56,bdsl_img_gnn,35,0.4813,0.8087,./work_dir/bdsl_img_gnn
2026-01-28 03:17:06,bdsl_img_gnn,37,0.4690,0.8319,./work_dir/bdsl_img_gnn
2026-01-28 03:19:15,bdsl_img_gnn,39,0.5106,0.8366,./work_dir/bdsl_img_gnn
2026-01-28 03:21:25,bdsl_img_gnn,41,0.4990,0.8332,./work_dir/bdsl_img_gnn
2026-01-28 03:23:35,bdsl_img_gnn,43,0.5391,0.8373,./work_dir/bdsl_img_gnn
2026-01-28 03:25:45,bdsl_img_gnn,45,0.5800,0.8734,./work_dir/bdsl_img_gnn
2026-01-28 03:27:53,bdsl_img_gnn,47,0.5956,0.8741,./work_dir/bdsl_img_gnn
2026-01-28 03:30:02,bdsl_img_gnn,49,0.6181,0.8850,./work_dir/bdsl_img_gnn
2026-01-28 03:32:08,bdsl_img_gnn,51,0.6644,0.8911,./work_dir/bdsl_img_gnn
2026-01-28 03:34:18,bdsl_img_gnn,53,0.6644,0.8897,./work_dir/bdsl_img_gnn
2026-01-28 03:36:28,bdsl_img_gnn,55,0.6549,0.8870,./work_dir/bdsl_img_gnn
2026-01-28 03:38:38,bdsl_img_gnn,57,0.6705,0.8924,./work_dir/bdsl_img_gnn
2026-01-28 03:40:48,bdsl_img_gnn,59,0.6957,0.9054,./work_dir/bdsl_img_gnn
2026-01-28 03:42:58,bdsl_img_gnn,61,0.7638,0.9156,./work_dir/bdsl_img_gnn
2026-01-28 03:45:07,bdsl_img_gnn,63,0.7849,0.9135,./work_dir/bdsl_img_gnn
2026-01-28 03:47:17,bdsl_img_gnn,65,0.8039,0.9149,./work_dir/bdsl_img_gnn
2026-01-28 03:49:27,bdsl_img_gnn,67,0.8087,0.9156,./work_dir/bdsl_img_gnn
2026-01-28 03:51:36,bdsl_img_gnn,69,0.8033,0.9115,./work_dir/bdsl_img_gnn
2026-01-28 03:53:46,bdsl_img_gnn,71,0.8182,0.9129,./work_dir/bdsl_img_gnn
2026-01-28 03:55:55,bdsl_img_gnn,73,0.8257,0.9088,./work_dir/bdsl_img_gnn
2026-01-28 03:58:05,bdsl_img_gnn,75,0.8291,0.9210,./work_dir/bdsl_img_gnn
2026-01-28 04:00:15,bdsl_img_gnn,77,0.8298,0.9176,./work_dir/bdsl_img_gnn
2026-01-28 04:02:24,bdsl_img_gnn,79,0.8387,0.9156,./work_dir/bdsl_img_gnn
2026-01-28 04:04:34,bdsl_img_gnn,81,0.8332,0.9122,./work_dir/bdsl_img_gnn
2026-01-28 04:06:44,bdsl_img_gnn,83,0.8312,0.9176,./work_dir/bdsl_img_gnn
2026-01-28 04:08:54,bdsl_img_gnn,85,0.8373,0.9081,./work_dir/bdsl_img_gnn
2026-01-28 04:11:03,bdsl_img_gnn,87,0.8346,0.9142,./work_dir/bdsl_img_gnn
2026-01-28 04:13:14,bdsl_img_gnn,89,0.8373,0.9067,./work_dir/bdsl_img_gnn
2026-01-28 04:15:23,bdsl_img_gnn,91,0.8387,0.9224,./work_dir/bdsl_img_gnn
2026-01-28 04:17:34,bdsl_img_gnn,93,0.8387,0.9122,./work_dir/bdsl_img_gnn
2026-01-28 04:19:45,bdsl_img_gnn,95,0.8400,0.9170,./work_dir/bdsl_img_gnn
2026-01-28 04:21:55,bdsl_img_gnn,97,0.8380,0.9170,./work_dir/bdsl_img_gnn
2026-01-28 04:24:06,bdsl_img_gnn,99,0.8285,0.9122,./work_dir/bdsl_img_gnn
2026-01-28 04:25:13,bdsl_gnn_lstm,1,0.0580,0.1412,./work_dir/bdsl_gnn_lstm
2026-01-28 04:26:05,bdsl_gnn_lstm,3,0.0698,0.2519,./work_dir/bdsl_gnn_lstm
2026-01-28 04:26:57,bdsl_gnn_lstm,5,0.1241,0.4012,./work_dir/bdsl_gnn_lstm
2026-01-28 04:27:49,bdsl_gnn_lstm,7,0.0951,0.3899,./work_dir/bdsl_gnn_lstm
2026-01-28 04:28:41,bdsl_gnn_lstm,9,0.1482,0.4694,./work_dir/bdsl_gnn_lstm
2026-01-28 04:29:34,bdsl_gnn_lstm,11,0.0902,0.3507,./work_dir/bdsl_gnn_lstm
2026-01-28 04:30:27,bdsl_gnn_lstm,13,0.1305,0.4646,./work_dir/bdsl_gnn_lstm
2026-01-28 04:31:19,bdsl_gnn_lstm,15,0.1864,0.5537,./work_dir/bdsl_gnn_lstm
2026-01-28 04:32:12,bdsl_gnn_lstm,17,0.0945,0.3260,./work_dir/bdsl_gnn_lstm
2026-01-28 04:33:04,bdsl_gnn_lstm,19,0.1638,0.5209,./work_dir/bdsl_gnn_lstm
2026-01-28 04:33:56,bdsl_gnn_lstm,21,0.1300,0.4624,./work_dir/bdsl_gnn_lstm
2026-01-28 04:34:48,bdsl_gnn_lstm,23,0.0768,0.2916,./work_dir/bdsl_gnn_lstm
2026-01-28 04:35:41,bdsl_gnn_lstm,25,0.2229,0.6031,./work_dir/bdsl_gnn_lstm
2026-01-28 04:36:33,bdsl_gnn_lstm,27,0.2100,0.5843,./work_dir/bdsl_gnn_lstm
2026-01-28 04:37:25,bdsl_gnn_lstm,29,0.1284,0.4329,./work_dir/bdsl_gnn_lstm
2026-01-28 04:38:17,bdsl_gnn_lstm,31,0.2240,0.6053,./work_dir/bdsl_gnn_lstm
2026-01-28 04:39:10,bdsl_gnn_lstm,33,0.2089,0.5376,./work_dir/bdsl_gnn_lstm
2026-01-28 04:40:02,bdsl_gnn_lstm,35,0.2116,0.5886,./work_dir/bdsl_gnn_lstm
2026-01-28 04:40:54,bdsl_gnn_lstm,37,0.1944,0.5118,./work_dir/bdsl_gnn_lstm
2026-01-28 04:41:46,bdsl_gnn_lstm,39,0.3093,0.6966,./work_dir/bdsl_gnn_lstm
2026-01-28 04:42:37,bdsl_gnn_lstm,41,0.2100,0.5209,./work_dir/bdsl_gnn_lstm
2026-01-28 04:43:30,bdsl_gnn_lstm,43,0.1778,0.4586,./work_dir/bdsl_gnn_lstm
2026-01-28 04:44:22,bdsl_gnn_lstm,45,0.2240,0.5800,./work_dir/bdsl_gnn_lstm
2026-01-28 04:45:14,bdsl_gnn_lstm,47,0.1998,0.4769,./work_dir/bdsl_gnn_lstm
2026-01-28 04:46:07,bdsl_gnn_lstm,49,0.1359,0.3690,./work_dir/bdsl_gnn_lstm
2026-01-28 04:46:59,bdsl_gnn_lstm,51,0.1697,0.4952,./work_dir/bdsl_gnn_lstm
2026-01-28 04:47:52,bdsl_gnn_lstm,53,0.2519,0.6128,./work_dir/bdsl_gnn_lstm
2026-01-28 04:48:44,bdsl_gnn_lstm,55,0.1584,0.4066,./work_dir/bdsl_gnn_lstm
2026-01-28 04:49:36,bdsl_gnn_lstm,57,0.3110,0.6536,./work_dir/bdsl_gnn_lstm
2026-01-28 04:50:26,bdsl_gnn_lstm,59,0.2148,0.4919,./work_dir/bdsl_gnn_lstm
2026-01-28 04:51:19,bdsl_gnn_lstm,61,0.3593,0.6928,./work_dir/bdsl_gnn_lstm
2026-01-28 04:52:08,bdsl_gnn_lstm,63,0.4162,0.7658,./work_dir/bdsl_gnn_lstm
2026-01-28 04:52:58,bdsl_gnn_lstm,65,0.4168,0.7589,./work_dir/bdsl_gnn_lstm
2026-01-28 04:53:51,bdsl_gnn_lstm,67,0.3894,0.7325,./work_dir/bdsl_gnn_lstm
2026-01-28 04:54:42,bdsl_gnn_lstm,69,0.3738,0.7180,./work_dir/bdsl_gnn_lstm
2026-01-28 04:55:33,bdsl_gnn_lstm,71,0.3845,0.7095,./work_dir/bdsl_gnn_lstm
2026-01-28 04:56:26,bdsl_gnn_lstm,73,0.4119,0.7427,./work_dir/bdsl_gnn_lstm
2026-01-28 04:57:18,bdsl_gnn_lstm,75,0.3604,0.6874,./work_dir/bdsl_gnn_lstm
2026-01-28 04:58:10,bdsl_gnn_lstm,77,0.3534,0.6772,./work_dir/bdsl_gnn_lstm
2026-01-28 04:59:03,bdsl_gnn_lstm,79,0.3861,0.7164,./work_dir/bdsl_gnn_lstm
2026-01-28 04:59:54,bdsl_gnn_lstm,81,0.3571,0.6563,./work_dir/bdsl_gnn_lstm
2026-01-28 05:00:48,bdsl_gnn_lstm,83,0.3539,0.6788,./work_dir/bdsl_gnn_lstm
2026-01-28 05:01:39,bdsl_gnn_lstm,85,0.3770,0.6901,./work_dir/bdsl_gnn_lstm
2026-01-28 05:02:31,bdsl_gnn_lstm,87,0.3604,0.6719,./work_dir/bdsl_gnn_lstm
2026-01-28 05:03:24,bdsl_gnn_lstm,89,0.3700,0.7035,./work_dir/bdsl_gnn_lstm
2026-01-28 05:04:16,bdsl_gnn_lstm,91,0.3663,0.6998,./work_dir/bdsl_gnn_lstm
2026-01-28 05:05:09,bdsl_gnn_lstm,93,0.3888,0.7207,./work_dir/bdsl_gnn_lstm
2026-01-28 05:06:01,bdsl_gnn_lstm,95,0.3883,0.7197,./work_dir/bdsl_gnn_lstm
2026-01-28 05:06:52,bdsl_gnn_lstm,97,0.3867,0.7132,./work_dir/bdsl_gnn_lstm
2026-01-28 05:07:45,bdsl_gnn_lstm,99,0.3528,0.6638,./work_dir/bdsl_gnn_lstm
2026-01-28 05:08:39,bdsl_img_gnn_lstm,1,0.0442,0.2110,./work_dir/bdsl_img_gnn_lstm
2026-01-28 05:09:22,bdsl_img_gnn_lstm,3,0.0517,0.2587,./work_dir/bdsl_img_gnn_lstm
2026-01-28 05:10:03,bdsl_img_gnn_lstm,5,0.0606,0.2716,./work_dir/bdsl_img_gnn_lstm
2026-01-28 05:10:47,bdsl_img_gnn_lstm,7,0.0722,0.3036,./work_dir/bdsl_img_gnn_lstm
2026-01-28 05:11:29,bdsl_img_gnn_lstm,9,0.0926,0.3233,./work_dir/bdsl_img_gnn_lstm
2026-01-28 05:12:11,bdsl_img_gnn_lstm,11,0.0926,0.3227,./work_dir/bdsl_img_gnn_lstm
2026-01-28 05:12:53,bdsl_img_gnn_lstm,13,0.0885,0.3376,./work_dir/bdsl_img_gnn_lstm
2026-01-28 05:13:36,bdsl_img_gnn_lstm,15,0.1076,0.3295,./work_dir/bdsl_img_gnn_lstm
2026-01-28 05:14:19,bdsl_img_gnn_lstm,17,0.0892,0.3022,./work_dir/bdsl_img_gnn_lstm
2026-01-28 05:15:02,bdsl_img_gnn_lstm,19,0.1014,0.3145,./work_dir/bdsl_img_gnn_lstm
2026-01-28 05:15:45,bdsl_img_gnn_lstm,21,0.0926,0.3363,./work_dir/bdsl_img_gnn_lstm
2026-01-28 05:16:28,bdsl_img_gnn_lstm,23,0.0953,0.3268,./work_dir/bdsl_img_gnn_lstm
2026-01-28 05:17:11,bdsl_img_gnn_lstm,25,0.1028,0.3254,./work_dir/bdsl_img_gnn_lstm
2026-01-28 05:17:54,bdsl_img_gnn_lstm,27,0.0967,0.3390,./work_dir/bdsl_img_gnn_lstm
2026-01-28 05:18:38,bdsl_img_gnn_lstm,29,0.0946,0.3179,./work_dir/bdsl_img_gnn_lstm
2026-01-28 05:19:20,bdsl_img_gnn_lstm,31,0.0905,0.3404,./work_dir/bdsl_img_gnn_lstm
2026-01-28 05:20:04,bdsl_img_gnn_lstm,33,0.1021,0.3370,./work_dir/bdsl_img_gnn_lstm
2026-01-28 05:20:46,bdsl_img_gnn_lstm,35,0.0994,0.3649,./work_dir/bdsl_img_gnn_lstm
2026-01-28 05:21:30,bdsl_img_gnn_lstm,37,0.0967,0.3261,./work_dir/bdsl_img_gnn_lstm
2026-01-28 05:22:13,bdsl_img_gnn_lstm,39,0.1048,0.3363,./work_dir/bdsl_img_gnn_lstm
2026-01-28 05:22:56,bdsl_img_gnn_lstm,41,0.1021,0.3376,./work_dir/bdsl_img_gnn_lstm
2026-01-28 05:23:39,bdsl_img_gnn_lstm,43,0.1130,0.3492,./work_dir/bdsl_img_gnn_lstm
2026-01-28 05:24:22,bdsl_img_gnn_lstm,45,0.0871,0.3193,./work_dir/bdsl_img_gnn_lstm
2026-01-28 05:25:05,bdsl_img_gnn_lstm,47,0.1035,0.3533,./work_dir/bdsl_img_gnn_lstm
2026-01-28 05:25:47,bdsl_img_gnn_lstm,49,0.1048,0.3383,./work_dir/bdsl_img_gnn_lstm
2026-01-28 05:26:31,bdsl_img_gnn_lstm,51,0.0912,0.3152,./work_dir/bdsl_img_gnn_lstm
2026-01-28 05:27:14,bdsl_img_gnn_lstm,53,0.0837,0.3274,./work_dir/bdsl_img_gnn_lstm
2026-01-28 05:27:56,bdsl_img_gnn_lstm,55,0.0953,0.3356,./work_dir/bdsl_img_gnn_lstm
2026-01-28 05:28:39,bdsl_img_gnn_lstm,57,0.0837,0.3363,./work_dir/bdsl_img_gnn_lstm
2026-01-28 05:29:22,bdsl_img_gnn_lstm,59,0.0973,0.3104,./work_dir/bdsl_img_gnn_lstm
2026-01-28 05:30:05,bdsl_img_gnn_lstm,61,0.0933,0.3587,./work_dir/bdsl_img_gnn_lstm
2026-01-28 05:30:48,bdsl_img_gnn_lstm,63,0.0871,0.3506,./work_dir/bdsl_img_gnn_lstm
2026-01-28 05:31:31,bdsl_img_gnn_lstm,65,0.0994,0.3553,./work_dir/bdsl_img_gnn_lstm
2026-01-28 05:32:15,bdsl_img_gnn_lstm,67,0.0939,0.3547,./work_dir/bdsl_img_gnn_lstm
2026-01-28 05:32:58,bdsl_img_gnn_lstm,69,0.0960,0.3445,./work_dir/bdsl_img_gnn_lstm
2026-01-28 05:33:41,bdsl_img_gnn_lstm,71,0.0912,0.3383,./work_dir/bdsl_img_gnn_lstm
2026-01-28 05:34:24,bdsl_img_gnn_lstm,73,0.1014,0.3642,./work_dir/bdsl_img_gnn_lstm
2026-01-28 05:35:07,bdsl_img_gnn_lstm,75,0.0912,0.3356,./work_dir/bdsl_img_gnn_lstm
2026-01-28 05:35:50,bdsl_img_gnn_lstm,77,0.0967,0.3376,./work_dir/bdsl_img_gnn_lstm
2026-01-28 05:36:32,bdsl_img_gnn_lstm,79,0.1069,0.3526,./work_dir/bdsl_img_gnn_lstm
2026-01-28 05:37:15,bdsl_img_gnn_lstm,81,0.1014,0.3438,./work_dir/bdsl_img_gnn_lstm
2026-01-28 05:37:59,bdsl_img_gnn_lstm,83,0.1055,0.3581,./work_dir/bdsl_img_gnn_lstm
2026-01-28 05:38:41,bdsl_img_gnn_lstm,85,0.0967,0.3410,./work_dir/bdsl_img_gnn_lstm
2026-01-28 05:39:24,bdsl_img_gnn_lstm,87,0.1035,0.3553,./work_dir/bdsl_img_gnn_lstm
2026-01-28 05:40:07,bdsl_img_gnn_lstm,89,0.1021,0.3574,./work_dir/bdsl_img_gnn_lstm
2026-01-28 05:40:51,bdsl_img_gnn_lstm,91,0.1035,0.3513,./work_dir/bdsl_img_gnn_lstm
2026-01-28 05:41:33,bdsl_img_gnn_lstm,93,0.1116,0.3792,./work_dir/bdsl_img_gnn_lstm
2026-01-28 05:42:16,bdsl_img_gnn_lstm,95,0.0967,0.3540,./work_dir/bdsl_img_gnn_lstm
2026-01-28 05:43:00,bdsl_img_gnn_lstm,97,0.0919,0.3370,./work_dir/bdsl_img_gnn_lstm
2026-01-28 05:43:43,bdsl_img_gnn_lstm,99,0.1110,0.3710,./work_dir/bdsl_img_gnn_lstm
2026-01-28 05:44:18,bdsl_gnn_transformer,1,0.0806,0.3330,./work_dir/bdsl_gnn_transformer
2026-01-28 05:44:41,bdsl_gnn_transformer,3,0.0854,0.3271,./work_dir/bdsl_gnn_transformer
2026-01-28 05:45:03,bdsl_gnn_transformer,5,0.0972,0.4103,./work_dir/bdsl_gnn_transformer
2026-01-28 05:45:26,bdsl_gnn_transformer,7,0.0494,0.2073,./work_dir/bdsl_gnn_transformer
2026-01-28 05:45:49,bdsl_gnn_transformer,9,0.0591,0.2143,./work_dir/bdsl_gnn_transformer
2026-01-28 05:46:12,bdsl_gnn_transformer,11,0.0526,0.2411,./work_dir/bdsl_gnn_transformer
2026-01-28 05:46:35,bdsl_gnn_transformer,13,0.0661,0.2170,./work_dir/bdsl_gnn_transformer
2026-01-28 05:46:58,bdsl_gnn_transformer,15,0.0634,0.2309,./work_dir/bdsl_gnn_transformer
2026-01-28 05:47:20,bdsl_gnn_transformer,17,0.0886,0.3469,./work_dir/bdsl_gnn_transformer
2026-01-28 05:47:43,bdsl_gnn_transformer,19,0.1348,0.4447,./work_dir/bdsl_gnn_transformer
2026-01-28 05:48:06,bdsl_gnn_transformer,21,0.0671,0.2342,./work_dir/bdsl_gnn_transformer
2026-01-28 05:48:29,bdsl_gnn_transformer,23,0.0977,0.3577,./work_dir/bdsl_gnn_transformer
2026-01-28 05:48:52,bdsl_gnn_transformer,25,0.0671,0.2578,./work_dir/bdsl_gnn_transformer
2026-01-28 05:49:14,bdsl_gnn_transformer,27,0.0956,0.3802,./work_dir/bdsl_gnn_transformer
2026-01-28 05:49:37,bdsl_gnn_transformer,29,0.1708,0.4726,./work_dir/bdsl_gnn_transformer
2026-01-28 05:50:00,bdsl_gnn_transformer,31,0.1230,0.4517,./work_dir/bdsl_gnn_transformer
2026-01-28 05:50:23,bdsl_gnn_transformer,33,0.1262,0.4114,./work_dir/bdsl_gnn_transformer
2026-01-28 05:50:46,bdsl_gnn_transformer,35,0.1681,0.5021,./work_dir/bdsl_gnn_transformer
2026-01-28 05:51:08,bdsl_gnn_transformer,37,0.1660,0.4828,./work_dir/bdsl_gnn_transformer
2026-01-28 05:51:31,bdsl_gnn_transformer,39,0.1128,0.3770,./work_dir/bdsl_gnn_transformer
2026-01-28 05:51:54,bdsl_gnn_transformer,41,0.0988,0.3743,./work_dir/bdsl_gnn_transformer
2026-01-28 05:52:17,bdsl_gnn_transformer,43,0.0999,0.3459,./work_dir/bdsl_gnn_transformer
2026-01-28 05:52:40,bdsl_gnn_transformer,45,0.1676,0.5086,./work_dir/bdsl_gnn_transformer
2026-01-28 05:53:03,bdsl_gnn_transformer,47,0.2143,0.5816,./work_dir/bdsl_gnn_transformer
2026-01-28 05:53:25,bdsl_gnn_transformer,49,0.1831,0.5054,./work_dir/bdsl_gnn_transformer
2026-01-28 05:53:48,bdsl_gnn_transformer,51,0.1692,0.5011,./work_dir/bdsl_gnn_transformer
2026-01-28 05:54:11,bdsl_gnn_transformer,53,0.1955,0.5510,./work_dir/bdsl_gnn_transformer
2026-01-28 05:54:34,bdsl_gnn_transformer,55,0.2148,0.5816,./work_dir/bdsl_gnn_transformer
2026-01-28 05:54:57,bdsl_gnn_transformer,57,0.2417,0.5816,./work_dir/bdsl_gnn_transformer
2026-01-28 05:55:19,bdsl_gnn_transformer,59,0.1595,0.4699,./work_dir/bdsl_gnn_transformer
2026-01-28 05:55:42,bdsl_gnn_transformer,61,0.1783,0.4952,./work_dir/bdsl_gnn_transformer
2026-01-28 05:56:05,bdsl_gnn_transformer,63,0.1982,0.5392,./work_dir/bdsl_gnn_transformer
2026-01-28 05:56:27,bdsl_gnn_transformer,65,0.1853,0.5081,./work_dir/bdsl_gnn_transformer
2026-01-28 05:56:50,bdsl_gnn_transformer,67,0.2164,0.5628,./work_dir/bdsl_gnn_transformer
2026-01-28 05:57:13,bdsl_gnn_transformer,69,0.1982,0.5526,./work_dir/bdsl_gnn_transformer
2026-01-28 05:57:36,bdsl_gnn_transformer,71,0.1923,0.5199,./work_dir/bdsl_gnn_transformer
2026-01-28 05:58:00,bdsl_gnn_transformer,73,0.2009,0.5473,./work_dir/bdsl_gnn_transformer
2026-01-28 05:58:23,bdsl_gnn_transformer,75,0.1976,0.5285,./work_dir/bdsl_gnn_transformer
2026-01-28 05:58:46,bdsl_gnn_transformer,77,0.1831,0.4914,./work_dir/bdsl_gnn_transformer
2026-01-28 05:59:09,bdsl_gnn_transformer,79,0.2164,0.5757,./work_dir/bdsl_gnn_transformer
2026-01-28 05:59:31,bdsl_gnn_transformer,81,0.2046,0.5467,./work_dir/bdsl_gnn_transformer
2026-01-28 05:59:55,bdsl_gnn_transformer,83,0.2030,0.5365,./work_dir/bdsl_gnn_transformer
2026-01-28 06:00:18,bdsl_gnn_transformer,85,0.1821,0.5242,./work_dir/bdsl_gnn_transformer
2026-01-28 06:00:40,bdsl_gnn_transformer,87,0.2025,0.5462,./work_dir/bdsl_gnn_transformer
2026-01-28 06:01:03,bdsl_gnn_transformer,89,0.2374,0.5897,./work_dir/bdsl_gnn_transformer
2026-01-28 06:01:25,bdsl_gnn_transformer,91,0.2089,0.5387,./work_dir/bdsl_gnn_transformer
2026-01-28 06:01:48,bdsl_gnn_transformer,93,0.2014,0.5301,./work_dir/bdsl_gnn_transformer
2026-01-28 06:02:12,bdsl_gnn_transformer,95,0.2132,0.5687,./work_dir/bdsl_gnn_transformer
2026-01-28 06:02:34,bdsl_gnn_transformer,97,0.2068,0.5462,./work_dir/bdsl_gnn_transformer
2026-01-28 06:02:57,bdsl_gnn_transformer,99,0.2078,0.5607,./work_dir/bdsl_gnn_transformer
2026-01-28 06:03:26,bdsl_img_gnn_transformer,1,0.0619,0.2614,./work_dir/bdsl_img_gnn_transformer
2026-01-28 06:03:45,bdsl_img_gnn_transformer,3,0.0837,0.2948,./work_dir/bdsl_img_gnn_transformer
2026-01-28 06:04:04,bdsl_img_gnn_transformer,5,0.0858,0.2907,./work_dir/bdsl_img_gnn_transformer
2026-01-28 06:04:23,bdsl_img_gnn_transformer,7,0.0803,0.3002,./work_dir/bdsl_img_gnn_transformer
2026-01-28 06:04:42,bdsl_img_gnn_transformer,9,0.0892,0.2839,./work_dir/bdsl_img_gnn_transformer
2026-01-28 06:05:02,bdsl_img_gnn_transformer,11,0.0830,0.3063,./work_dir/bdsl_img_gnn_transformer
2026-01-28 06:05:21,bdsl_img_gnn_transformer,13,0.0810,0.2764,./work_dir/bdsl_img_gnn_transformer
2026-01-28 06:05:40,bdsl_img_gnn_transformer,15,0.0790,0.2941,./work_dir/bdsl_img_gnn_transformer
2026-01-28 06:05:59,bdsl_img_gnn_transformer,17,0.0756,0.2988,./work_dir/bdsl_img_gnn_transformer
2026-01-28 06:06:18,bdsl_img_gnn_transformer,19,0.0817,0.3070,./work_dir/bdsl_img_gnn_transformer
2026-01-28 06:06:37,bdsl_img_gnn_transformer,21,0.0830,0.2839,./work_dir/bdsl_img_gnn_transformer
2026-01-28 06:06:56,bdsl_img_gnn_transformer,23,0.0892,0.3410,./work_dir/bdsl_img_gnn_transformer
2026-01-28 06:07:16,bdsl_img_gnn_transformer,25,0.0865,0.3002,./work_dir/bdsl_img_gnn_transformer
2026-01-28 06:07:35,bdsl_img_gnn_transformer,27,0.1028,0.3315,./work_dir/bdsl_img_gnn_transformer
2026-01-28 06:07:54,bdsl_img_gnn_transformer,29,0.0946,0.3268,./work_dir/bdsl_img_gnn_transformer
2026-01-28 06:08:13,bdsl_img_gnn_transformer,31,0.1028,0.3186,./work_dir/bdsl_img_gnn_transformer
2026-01-28 06:08:32,bdsl_img_gnn_transformer,33,0.1164,0.3390,./work_dir/bdsl_img_gnn_transformer
2026-01-28 06:08:51,bdsl_img_gnn_transformer,35,0.0878,0.3349,./work_dir/bdsl_img_gnn_transformer
2026-01-28 06:09:11,bdsl_img_gnn_transformer,37,0.0858,0.3077,./work_dir/bdsl_img_gnn_transformer
2026-01-28 06:09:29,bdsl_img_gnn_transformer,39,0.0905,0.3091,./work_dir/bdsl_img_gnn_transformer
2026-01-28 06:09:49,bdsl_img_gnn_transformer,41,0.0960,0.3370,./work_dir/bdsl_img_gnn_transformer
2026-01-28 06:10:08,bdsl_img_gnn_transformer,43,0.1171,0.3356,./work_dir/bdsl_img_gnn_transformer
2026-01-28 06:10:26,bdsl_img_gnn_transformer,45,0.0960,0.3199,./work_dir/bdsl_img_gnn_transformer
2026-01-28 06:10:46,bdsl_img_gnn_transformer,47,0.0817,0.3199,./work_dir/bdsl_img_gnn_transformer
2026-01-28 06:11:05,bdsl_img_gnn_transformer,49,0.1055,0.3077,./work_dir/bdsl_img_gnn_transformer
2026-01-28 06:11:24,bdsl_img_gnn_transformer,51,0.1076,0.3029,./work_dir/bdsl_img_gnn_transformer
2026-01-28 06:11:43,bdsl_img_gnn_transformer,53,0.0728,0.2961,./work_dir/bdsl_img_gnn_transformer
2026-01-28 06:12:03,bdsl_img_gnn_transformer,55,0.0504,0.2553,./work_dir/bdsl_img_gnn_transformer
2026-01-28 06:12:21,bdsl_img_gnn_transformer,57,0.0858,0.2907,./work_dir/bdsl_img_gnn_transformer
2026-01-28 06:12:39,bdsl_img_gnn_transformer,59,0.0878,0.3097,./work_dir/bdsl_img_gnn_transformer
2026-01-28 06:12:59,bdsl_img_gnn_transformer,61,0.1021,0.3199,./work_dir/bdsl_img_gnn_transformer
2026-01-28 06:13:18,bdsl_img_gnn_transformer,63,0.0939,0.3268,./work_dir/bdsl_img_gnn_transformer
2026-01-28 06:13:37,bdsl_img_gnn_transformer,65,0.1103,0.3438,./work_dir/bdsl_img_gnn_transformer
2026-01-28 06:13:56,bdsl_img_gnn_transformer,67,0.1334,0.3928,./work_dir/bdsl_img_gnn_transformer
2026-01-28 06:14:15,bdsl_img_gnn_transformer,69,0.1096,0.3519,./work_dir/bdsl_img_gnn_transformer
2026-01-28 06:14:34,bdsl_img_gnn_transformer,71,0.1137,0.3622,./work_dir/bdsl_img_gnn_transformer
2026-01-28 06:14:53,bdsl_img_gnn_transformer,73,0.1198,0.3717,./work_dir/bdsl_img_gnn_transformer
2026-01-28 06:15:12,bdsl_img_gnn_transformer,75,0.1130,0.3560,./work_dir/bdsl_img_gnn_transformer
2026-01-28 06:15:31,bdsl_img_gnn_transformer,77,0.1178,0.3465,./work_dir/bdsl_img_gnn_transformer
2026-01-28 06:15:50,bdsl_img_gnn_transformer,79,0.1082,0.3499,./work_dir/bdsl_img_gnn_transformer
2026-01-28 06:16:09,bdsl_img_gnn_transformer,81,0.1116,0.3472,./work_dir/bdsl_img_gnn_transformer
2026-01-28 06:16:28,bdsl_img_gnn_transformer,83,0.1110,0.3683,./work_dir/bdsl_img_gnn_transformer
2026-01-28 06:16:46,bdsl_img_gnn_transformer,85,0.1348,0.4016,./work_dir/bdsl_img_gnn_transformer
2026-01-28 06:17:06,bdsl_img_gnn_transformer,87,0.1219,0.3907,./work_dir/bdsl_img_gnn_transformer
2026-01-28 06:17:25,bdsl_img_gnn_transformer,89,0.1069,0.3499,./work_dir/bdsl_img_gnn_transformer
2026-01-28 06:17:43,bdsl_img_gnn_transformer,91,0.1055,0.3513,./work_dir/bdsl_img_gnn_transformer
2026-01-28 06:18:02,bdsl_img_gnn_transformer,93,0.0919,0.3336,./work_dir/bdsl_img_gnn_transformer
2026-01-28 06:18:22,bdsl_img_gnn_transformer,95,0.1069,0.3581,./work_dir/bdsl_img_gnn_transformer
2026-01-28 06:18:41,bdsl_img_gnn_transformer,97,0.1171,0.3690,./work_dir/bdsl_img_gnn_transformer
2026-01-28 06:19:00,bdsl_img_gnn_transformer,99,0.1014,0.3472,./work_dir/bdsl_img_gnn_transformer
2026-01-28 06:58:40,bdsl_img,1,0.0756,0.2594,./work_dir/bdsl_img
2026-01-28 07:09:09,bdsl_adaptive_gnn,1,0.1096,0.3921,./work_dir/bdsl_adaptive_gnn
2026-01-28 07:14:42,bdsl_img,3,0.1287,0.4275,./work_dir/bdsl_img
2026-01-28 07:18:48,bdsl_adaptive_gnn,3,0.1429,0.4731,./work_dir/bdsl_adaptive_gnn
2026-01-28 07:27:34,bdsl_adaptive_gnn,5,0.1735,0.5193,./work_dir/bdsl_adaptive_gnn
2026-01-28 07:31:52,bdsl_img,5,0.1688,0.4874,./work_dir/bdsl_img
2026-01-28 07:36:23,bdsl_adaptive_gnn,7,0.1595,0.4957,./work_dir/bdsl_adaptive_gnn
2026-01-28 07:47:08,bdsl_adaptive_gnn,9,0.2111,0.5811,./work_dir/bdsl_adaptive_gnn
2026-01-28 07:48:43,bdsl_img,7,0.1947,0.5276,./work_dir/bdsl_img
2026-01-28 07:54:24,bdsl_adaptive_gnn,11,0.2186,0.6101,./work_dir/bdsl_adaptive_gnn
2026-01-28 07:57:32,bdsl_adaptive_gnn,13,0.0902,0.2621,./work_dir/bdsl_adaptive_gnn
2026-01-28 08:00:37,bdsl_adaptive_gnn,15,0.2229,0.6031,./work_dir/bdsl_adaptive_gnn
2026-01-28 08:03:41,bdsl_adaptive_gnn,17,0.2470,0.6101,./work_dir/bdsl_adaptive_gnn
2026-01-28 14:24:39,bdsl_adaptive_gnn,1,0.1096,0.3921,./work_dir/bdsl_adaptive_gnn
2026-01-28 14:27:45,bdsl_adaptive_gnn,3,0.1429,0.4731,./work_dir/bdsl_adaptive_gnn
2026-01-28 14:30:50,bdsl_adaptive_gnn,5,0.1735,0.5193,./work_dir/bdsl_adaptive_gnn
2026-01-28 14:33:57,bdsl_adaptive_gnn,7,0.1595,0.4957,./work_dir/bdsl_adaptive_gnn
2026-01-28 14:37:03,bdsl_adaptive_gnn,9,0.2111,0.5811,./work_dir/bdsl_adaptive_gnn
2026-01-28 14:40:07,bdsl_adaptive_gnn,11,0.2186,0.6101,./work_dir/bdsl_adaptive_gnn
2026-01-28 14:43:14,bdsl_adaptive_gnn,13,0.0902,0.2621,./work_dir/bdsl_adaptive_gnn
2026-01-28 14:46:24,bdsl_adaptive_gnn,15,0.2229,0.6031,./work_dir/bdsl_adaptive_gnn
2026-01-28 14:49:33,bdsl_adaptive_gnn,17,0.2470,0.6101,./work_dir/bdsl_adaptive_gnn
2026-01-28 14:52:42,bdsl_adaptive_gnn,19,0.2325,0.5784,./work_dir/bdsl_adaptive_gnn
2026-01-28 14:55:50,bdsl_adaptive_gnn,21,0.2841,0.6203,./work_dir/bdsl_adaptive_gnn
2026-01-28 14:58:56,bdsl_adaptive_gnn,23,0.2573,0.5816,./work_dir/bdsl_adaptive_gnn
2026-01-28 15:02:04,bdsl_adaptive_gnn,25,0.2395,0.5435,./work_dir/bdsl_adaptive_gnn
2026-01-28 15:05:12,bdsl_adaptive_gnn,27,0.3238,0.6660,./work_dir/bdsl_adaptive_gnn
2026-01-28 15:08:23,bdsl_adaptive_gnn,29,0.2170,0.5392,./work_dir/bdsl_adaptive_gnn
2026-01-28 15:11:34,bdsl_adaptive_gnn,31,0.4006,0.7363,./work_dir/bdsl_adaptive_gnn
2026-01-28 15:14:44,bdsl_adaptive_gnn,33,0.3147,0.6246,./work_dir/bdsl_adaptive_gnn
2026-01-28 15:17:49,bdsl_adaptive_gnn,35,0.3690,0.6987,./work_dir/bdsl_adaptive_gnn
2026-01-28 15:20:55,bdsl_adaptive_gnn,37,0.4581,0.7943,./work_dir/bdsl_adaptive_gnn
2026-01-28 15:24:00,bdsl_adaptive_gnn,39,0.3459,0.6702,./work_dir/bdsl_adaptive_gnn
2026-01-28 15:27:06,bdsl_adaptive_gnn,41,0.3969,0.7030,./work_dir/bdsl_adaptive_gnn
2026-01-28 15:30:12,bdsl_adaptive_gnn,43,0.4361,0.7427,./work_dir/bdsl_adaptive_gnn
2026-01-28 15:33:19,bdsl_adaptive_gnn,45,0.3373,0.6697,./work_dir/bdsl_adaptive_gnn
2026-01-28 15:36:24,bdsl_adaptive_gnn,47,0.3555,0.6488,./work_dir/bdsl_adaptive_gnn
2026-01-28 15:39:30,bdsl_adaptive_gnn,49,0.2932,0.6010,./work_dir/bdsl_adaptive_gnn
2026-01-28 15:42:37,bdsl_adaptive_gnn,51,0.5097,0.7927,./work_dir/bdsl_adaptive_gnn
2026-01-28 15:45:44,bdsl_adaptive_gnn,53,0.4205,0.6869,./work_dir/bdsl_adaptive_gnn
2026-01-28 15:48:50,bdsl_adaptive_gnn,55,0.3985,0.6950,./work_dir/bdsl_adaptive_gnn
2026-01-28 15:51:56,bdsl_adaptive_gnn,57,0.3861,0.6896,./work_dir/bdsl_adaptive_gnn
2026-01-28 15:55:02,bdsl_adaptive_gnn,59,0.3921,0.6907,./work_dir/bdsl_adaptive_gnn
2026-01-28 15:58:09,bdsl_adaptive_gnn,61,0.4672,0.7143,./work_dir/bdsl_adaptive_gnn
2026-01-28 16:01:16,bdsl_adaptive_gnn,63,0.4350,0.6896,./work_dir/bdsl_adaptive_gnn
2026-01-28 16:04:21,bdsl_adaptive_gnn,65,0.4415,0.6982,./work_dir/bdsl_adaptive_gnn
2026-01-28 16:07:27,bdsl_adaptive_gnn,67,0.4361,0.6890,./work_dir/bdsl_adaptive_gnn
2026-01-28 16:10:33,bdsl_adaptive_gnn,69,0.4345,0.6729,./work_dir/bdsl_adaptive_gnn
2026-01-28 16:13:37,bdsl_adaptive_gnn,71,0.5032,0.7583,./work_dir/bdsl_adaptive_gnn
2026-01-28 16:16:41,bdsl_adaptive_gnn,73,0.4592,0.7213,./work_dir/bdsl_adaptive_gnn
2026-01-28 16:19:45,bdsl_adaptive_gnn,75,0.3969,0.6445,./work_dir/bdsl_adaptive_gnn
2026-01-28 16:22:53,bdsl_adaptive_gnn,77,0.4291,0.6821,./work_dir/bdsl_adaptive_gnn
2026-01-28 16:26:01,bdsl_adaptive_gnn,79,0.3802,0.6407,./work_dir/bdsl_adaptive_gnn
2026-01-28 16:29:07,bdsl_adaptive_gnn,81,0.4538,0.7035,./work_dir/bdsl_adaptive_gnn
2026-01-28 16:32:13,bdsl_adaptive_gnn,83,0.4200,0.6654,./work_dir/bdsl_adaptive_gnn
2026-01-28 16:35:19,bdsl_adaptive_gnn,85,0.4474,0.7068,./work_dir/bdsl_adaptive_gnn
2026-01-28 16:38:26,bdsl_adaptive_gnn,87,0.4157,0.6654,./work_dir/bdsl_adaptive_gnn
2026-01-28 16:41:50,bdsl_adaptive_gnn,89,0.4372,0.6885,./work_dir/bdsl_adaptive_gnn
2026-01-28 16:44:56,bdsl_adaptive_gnn,91,0.4087,0.6633,./work_dir/bdsl_adaptive_gnn
2026-01-28 16:48:27,bdsl_adaptive_gnn,1,0.0602,0.1992,./work_dir/bdsl_adaptive_gnn
2026-01-28 16:51:33,bdsl_adaptive_gnn,3,0.0709,0.2599,./work_dir/bdsl_adaptive_gnn
2026-01-28 16:54:39,bdsl_adaptive_gnn,5,0.1058,0.4313,./work_dir/bdsl_adaptive_gnn
2026-01-28 16:57:46,bdsl_adaptive_gnn,7,0.1396,0.4576,./work_dir/bdsl_adaptive_gnn
2026-01-28 17:00:53,bdsl_adaptive_gnn,9,0.1412,0.4393,./work_dir/bdsl_adaptive_gnn
2026-01-28 17:03:59,bdsl_adaptive_gnn,11,0.1488,0.5107,./work_dir/bdsl_adaptive_gnn
2026-01-28 17:07:05,bdsl_adaptive_gnn,13,0.2202,0.5655,./work_dir/bdsl_adaptive_gnn
2026-01-28 17:10:13,bdsl_adaptive_gnn,15,0.1912,0.5800,./work_dir/bdsl_adaptive_gnn
2026-01-28 17:13:20,bdsl_adaptive_gnn,17,0.2304,0.6063,./work_dir/bdsl_adaptive_gnn
2026-01-28 17:16:52,bdsl_adaptive_gnn,1,0.1096,0.3921,./work_dir/bdsl_adaptive_gnn
2026-01-28 17:19:58,bdsl_adaptive_gnn,3,0.1429,0.4731,./work_dir/bdsl_adaptive_gnn
2026-01-28 17:23:04,bdsl_adaptive_gnn,5,0.1735,0.5193,./work_dir/bdsl_adaptive_gnn
2026-01-28 17:26:09,bdsl_adaptive_gnn,7,0.1595,0.4957,./work_dir/bdsl_adaptive_gnn
2026-01-28 17:29:16,bdsl_adaptive_gnn,9,0.2111,0.5811,./work_dir/bdsl_adaptive_gnn
2026-01-28 17:32:22,bdsl_adaptive_gnn,11,0.2186,0.6101,./work_dir/bdsl_adaptive_gnn
2026-01-28 17:35:28,bdsl_adaptive_gnn,13,0.0902,0.2621,./work_dir/bdsl_adaptive_gnn
2026-01-28 17:38:33,bdsl_adaptive_gnn,15,0.2229,0.6031,./work_dir/bdsl_adaptive_gnn
2026-01-28 17:41:36,bdsl_adaptive_gnn,17,0.2470,0.6101,./work_dir/bdsl_adaptive_gnn
2026-01-28 17:44:39,bdsl_adaptive_gnn,19,0.2325,0.5784,./work_dir/bdsl_adaptive_gnn
2026-01-28 17:47:44,bdsl_adaptive_gnn,21,0.2841,0.6203,./work_dir/bdsl_adaptive_gnn
2026-01-28 17:50:50,bdsl_adaptive_gnn,23,0.2573,0.5816,./work_dir/bdsl_adaptive_gnn
2026-01-28 17:53:55,bdsl_adaptive_gnn,25,0.2395,0.5435,./work_dir/bdsl_adaptive_gnn
2026-01-28 17:57:01,bdsl_adaptive_gnn,27,0.3238,0.6660,./work_dir/bdsl_adaptive_gnn
2026-01-28 18:00:08,bdsl_adaptive_gnn,29,0.2170,0.5392,./work_dir/bdsl_adaptive_gnn
2026-01-28 18:03:09,bdsl_adaptive_gnn,31,0.4006,0.7363,./work_dir/bdsl_adaptive_gnn
2026-01-28 18:06:12,bdsl_adaptive_gnn,33,0.3147,0.6246,./work_dir/bdsl_adaptive_gnn
2026-01-28 18:09:20,bdsl_adaptive_gnn,35,0.4184,0.7234,./work_dir/bdsl_adaptive_gnn
2026-01-28 18:12:29,bdsl_adaptive_gnn,37,0.4307,0.7293,./work_dir/bdsl_adaptive_gnn
2026-01-28 18:15:38,bdsl_adaptive_gnn,39,0.4549,0.7460,./work_dir/bdsl_adaptive_gnn
2026-01-28 18:18:48,bdsl_adaptive_gnn,41,0.3878,0.6633,./work_dir/bdsl_adaptive_gnn
2026-01-28 18:21:57,bdsl_adaptive_gnn,43,0.4237,0.7046,./work_dir/bdsl_adaptive_gnn
2026-01-28 18:25:02,bdsl_adaptive_gnn,45,0.4098,0.6901,./work_dir/bdsl_adaptive_gnn
2026-01-28 18:28:08,bdsl_adaptive_gnn,47,0.4345,0.7095,./work_dir/bdsl_adaptive_gnn
2026-01-28 18:31:14,bdsl_adaptive_gnn,49,0.4092,0.6686,./work_dir/bdsl_adaptive_gnn
2026-01-28 18:34:20,bdsl_adaptive_gnn,51,0.4544,0.7164,./work_dir/bdsl_adaptive_gnn
2026-01-28 18:37:26,bdsl_adaptive_gnn,53,0.4791,0.7755,./work_dir/bdsl_adaptive_gnn
2026-01-28 18:40:32,bdsl_adaptive_gnn,55,0.4350,0.7046,./work_dir/bdsl_adaptive_gnn
2026-01-28 18:43:39,bdsl_adaptive_gnn,57,0.3963,0.6600,./work_dir/bdsl_adaptive_gnn
2026-01-28 18:46:45,bdsl_adaptive_gnn,59,0.4339,0.7148,./work_dir/bdsl_adaptive_gnn
2026-01-28 18:49:51,bdsl_adaptive_gnn,61,0.4409,0.7175,./work_dir/bdsl_adaptive_gnn
2026-01-28 18:52:57,bdsl_adaptive_gnn,63,0.4318,0.7025,./work_dir/bdsl_adaptive_gnn
2026-01-28 18:56:03,bdsl_adaptive_gnn,65,0.4479,0.7046,./work_dir/bdsl_adaptive_gnn
2026-01-28 18:59:10,bdsl_adaptive_gnn,67,0.4227,0.6944,./work_dir/bdsl_adaptive_gnn
2026-01-28 19:02:16,bdsl_adaptive_gnn,69,0.4098,0.6665,./work_dir/bdsl_adaptive_gnn
2026-01-28 19:05:22,bdsl_adaptive_gnn,71,0.4479,0.7218,./work_dir/bdsl_adaptive_gnn
2026-01-28 19:08:28,bdsl_adaptive_gnn,73,0.4629,0.7368,./work_dir/bdsl_adaptive_gnn
2026-01-28 19:11:34,bdsl_adaptive_gnn,75,0.3894,0.6396,./work_dir/bdsl_adaptive_gnn
2026-01-28 19:14:39,bdsl_adaptive_gnn,77,0.4296,0.6772,./work_dir/bdsl_adaptive_gnn
2026-01-28 19:17:42,bdsl_adaptive_gnn,79,0.3990,0.6590,./work_dir/bdsl_adaptive_gnn
2026-01-28 19:20:45,bdsl_adaptive_gnn,81,0.4592,0.7272,./work_dir/bdsl_adaptive_gnn
2026-01-28 19:23:51,bdsl_adaptive_gnn,83,0.4098,0.6778,./work_dir/bdsl_adaptive_gnn
2026-01-28 19:26:57,bdsl_adaptive_gnn,85,0.4527,0.7352,./work_dir/bdsl_adaptive_gnn
2026-01-28 19:30:03,bdsl_adaptive_gnn,87,0.4189,0.6751,./work_dir/bdsl_adaptive_gnn
2026-01-28 19:33:10,bdsl_adaptive_gnn,89,0.4270,0.6966,./work_dir/bdsl_adaptive_gnn
2026-01-28 19:36:16,bdsl_adaptive_gnn,91,0.4151,0.6729,./work_dir/bdsl_adaptive_gnn
2026-01-28 19:39:22,bdsl_adaptive_gnn,93,0.4533,0.7213,./work_dir/bdsl_adaptive_gnn
2026-01-28 19:42:27,bdsl_adaptive_gnn,95,0.4683,0.7385,./work_dir/bdsl_adaptive_gnn
2026-01-28 19:45:34,bdsl_adaptive_gnn,97,0.4307,0.6976,./work_dir/bdsl_adaptive_gnn
2026-01-28 19:48:41,bdsl_adaptive_gnn,99,0.4603,0.7379,./work_dir/bdsl_adaptive_gnn
2026-01-28 21:27:09,bdsl_img_bone,1,0.1341,0.3941,./work_dir/bdsl_img_bone
2026-01-28 21:35:23,bdsl_img_bone,3,0.1926,0.5140,./work_dir/bdsl_img_bone
2026-01-28 21:43:01,bdsl_img_bone,5,0.2396,0.5739,./work_dir/bdsl_img_bone
2026-01-28 21:47:48,bdsl_img_bone,7,0.2594,0.6222,./work_dir/bdsl_img_bone
2026-01-28 21:52:35,bdsl_img_bone,9,0.2893,0.6467,./work_dir/bdsl_img_bone
2026-01-28 21:57:21,bdsl_img_bone,11,0.1913,0.4717,./work_dir/bdsl_img_bone
2026-01-28 22:02:06,bdsl_img_bone,13,0.3022,0.6664,./work_dir/bdsl_img_bone
2026-01-28 22:06:51,bdsl_img_bone,15,0.3513,0.6855,./work_dir/bdsl_img_bone
2026-01-28 22:11:51,bdsl_img_bone,17,0.3254,0.6862,./work_dir/bdsl_img_bone
2026-01-28 22:16:49,bdsl_img_bone,19,0.3438,0.7066,./work_dir/bdsl_img_bone
2026-01-28 22:21:35,bdsl_img_bone,21,0.3465,0.7120,./work_dir/bdsl_img_bone
2026-01-28 22:26:21,bdsl_img_bone,23,0.3819,0.7236,./work_dir/bdsl_img_bone
2026-01-28 22:32:59,bdsl_img_bone,25,0.3867,0.7420,./work_dir/bdsl_img_bone
2026-01-28 22:38:09,bdsl_img_bone,27,0.4023,0.7611,./work_dir/bdsl_img_bone
2026-01-28 22:42:55,bdsl_img_bone,29,0.3873,0.7638,./work_dir/bdsl_img_bone
2026-01-28 22:47:41,bdsl_img_bone,31,0.4336,0.7699,./work_dir/bdsl_img_bone
2026-01-28 22:55:06,bdsl_img_bone,33,0.4173,0.7808,./work_dir/bdsl_img_bone
2026-01-28 23:00:06,bdsl_img_bone,35,0.4445,0.7965,./work_dir/bdsl_img_bone
2026-01-28 23:04:53,bdsl_img_bone,37,0.4411,0.7828,./work_dir/bdsl_img_bone
2026-01-28 23:09:39,bdsl_img_bone,39,0.4432,0.8074,./work_dir/bdsl_img_bone
2026-01-28 23:14:23,bdsl_img_bone,41,0.4677,0.7992,./work_dir/bdsl_img_bone
2026-01-28 23:19:08,bdsl_img_bone,43,0.4847,0.8128,./work_dir/bdsl_img_bone
2026-01-28 23:24:02,bdsl_img_bone,45,0.4860,0.8087,./work_dir/bdsl_img_bone
2026-01-28 23:31:53,bdsl_img_bone,47,0.5221,0.8182,./work_dir/bdsl_img_bone
2026-01-28 23:35:20,bdsl_gnn_lstm,1,0.0580,0.1412,./work_dir/bdsl_gnn_lstm
2026-01-28 23:36:04,bdsl_gnn_lstm,3,0.0698,0.2519,./work_dir/bdsl_gnn_lstm
2026-01-28 23:36:54,bdsl_gnn_lstm,5,0.1241,0.4012,./work_dir/bdsl_gnn_lstm
2026-01-28 23:37:36,bdsl_gnn_lstm,7,0.0951,0.3899,./work_dir/bdsl_gnn_lstm
2026-01-28 23:38:15,bdsl_gnn_lstm,9,0.1482,0.4694,./work_dir/bdsl_gnn_lstm
2026-01-28 23:38:53,bdsl_gnn_lstm,11,0.0902,0.3507,./work_dir/bdsl_gnn_lstm
2026-01-28 23:39:32,bdsl_gnn_lstm,13,0.1305,0.4646,./work_dir/bdsl_gnn_lstm
2026-01-28 23:40:10,bdsl_gnn_lstm,15,0.1864,0.5537,./work_dir/bdsl_gnn_lstm
2026-01-28 23:40:50,bdsl_gnn_lstm,17,0.0945,0.3260,./work_dir/bdsl_gnn_lstm
2026-01-28 23:41:35,bdsl_gnn_lstm,19,0.1638,0.5209,./work_dir/bdsl_gnn_lstm
2026-01-28 23:42:25,bdsl_gnn_lstm,21,0.1300,0.4624,./work_dir/bdsl_gnn_lstm
2026-01-28 23:43:08,bdsl_gnn_lstm,23,0.0768,0.2916,./work_dir/bdsl_gnn_lstm
2026-01-28 23:43:48,bdsl_gnn_lstm,25,0.2229,0.6031,./work_dir/bdsl_gnn_lstm
2026-01-28 23:44:28,bdsl_gnn_lstm,27,0.2100,0.5843,./work_dir/bdsl_gnn_lstm
2026-01-28 23:45:08,bdsl_gnn_lstm,29,0.1284,0.4329,./work_dir/bdsl_gnn_lstm
2026-01-28 23:45:47,bdsl_gnn_lstm,31,0.2240,0.6053,./work_dir/bdsl_gnn_lstm
2026-01-28 23:46:27,bdsl_gnn_lstm,33,0.2089,0.5376,./work_dir/bdsl_gnn_lstm
2026-01-28 23:47:10,bdsl_gnn_lstm,35,0.2116,0.5886,./work_dir/bdsl_gnn_lstm
2026-01-28 23:47:56,bdsl_gnn_lstm,37,0.1944,0.5118,./work_dir/bdsl_gnn_lstm
2026-01-28 23:48:39,bdsl_gnn_lstm,39,0.3093,0.6966,./work_dir/bdsl_gnn_lstm
2026-01-28 23:49:21,bdsl_gnn_lstm,41,0.2100,0.5209,./work_dir/bdsl_gnn_lstm
2026-01-28 23:50:02,bdsl_gnn_lstm,43,0.1778,0.4586,./work_dir/bdsl_gnn_lstm
2026-01-28 23:50:44,bdsl_gnn_lstm,45,0.2240,0.5800,./work_dir/bdsl_gnn_lstm
2026-01-28 23:51:27,bdsl_gnn_lstm,47,0.1998,0.4769,./work_dir/bdsl_gnn_lstm
2026-01-28 23:52:11,bdsl_gnn_lstm,49,0.1359,0.3690,./work_dir/bdsl_gnn_lstm
2026-01-28 23:52:56,bdsl_gnn_lstm,51,0.1697,0.4952,./work_dir/bdsl_gnn_lstm
2026-01-28 23:53:46,bdsl_gnn_lstm,53,0.2519,0.6128,./work_dir/bdsl_gnn_lstm
2026-01-28 23:54:27,bdsl_gnn_lstm,55,0.1584,0.4066,./work_dir/bdsl_gnn_lstm
2026-01-28 23:55:08,bdsl_gnn_lstm,57,0.3110,0.6536,./work_dir/bdsl_gnn_lstm
2026-01-28 23:55:46,bdsl_gnn_lstm,59,0.2148,0.4919,./work_dir/bdsl_gnn_lstm
2026-01-28 23:56:32,bdsl_gnn_lstm,61,0.3593,0.6928,./work_dir/bdsl_gnn_lstm
2026-01-28 23:57:22,bdsl_gnn_lstm,63,0.4162,0.7658,./work_dir/bdsl_gnn_lstm
2026-01-28 23:58:13,bdsl_gnn_lstm,65,0.4168,0.7589,./work_dir/bdsl_gnn_lstm
2026-01-28 23:58:59,bdsl_gnn_lstm,67,0.3894,0.7325,./work_dir/bdsl_gnn_lstm
2026-01-28 23:59:48,bdsl_gnn_lstm,69,0.3738,0.7180,./work_dir/bdsl_gnn_lstm
2026-01-29 00:00:38,bdsl_gnn_lstm,71,0.3845,0.7095,./work_dir/bdsl_gnn_lstm
2026-01-29 00:01:22,bdsl_gnn_lstm,73,0.4119,0.7427,./work_dir/bdsl_gnn_lstm
2026-01-29 00:02:08,bdsl_gnn_lstm,75,0.3604,0.6874,./work_dir/bdsl_gnn_lstm
2026-01-29 00:02:51,bdsl_gnn_lstm,77,0.3534,0.6772,./work_dir/bdsl_gnn_lstm
2026-01-29 00:03:35,bdsl_gnn_lstm,79,0.3861,0.7164,./work_dir/bdsl_gnn_lstm
2026-01-29 00:04:18,bdsl_gnn_lstm,81,0.3571,0.6563,./work_dir/bdsl_gnn_lstm
2026-01-29 00:05:04,bdsl_gnn_lstm,83,0.3539,0.6788,./work_dir/bdsl_gnn_lstm
2026-01-29 00:05:51,bdsl_gnn_lstm,85,0.3770,0.6901,./work_dir/bdsl_gnn_lstm
2026-01-29 00:06:37,bdsl_gnn_lstm,87,0.3604,0.6719,./work_dir/bdsl_gnn_lstm
2026-01-29 00:07:24,bdsl_gnn_lstm,89,0.3700,0.7035,./work_dir/bdsl_gnn_lstm
2026-01-29 00:08:09,bdsl_gnn_lstm,91,0.3663,0.6998,./work_dir/bdsl_gnn_lstm
2026-01-29 00:08:55,bdsl_gnn_lstm,93,0.3888,0.7207,./work_dir/bdsl_gnn_lstm
2026-01-29 00:09:43,bdsl_gnn_lstm,95,0.3883,0.7197,./work_dir/bdsl_gnn_lstm
2026-01-29 00:10:30,bdsl_gnn_lstm,97,0.3867,0.7132,./work_dir/bdsl_gnn_lstm
2026-01-29 00:11:11,bdsl_gnn_lstm,99,0.3528,0.6638,./work_dir/bdsl_gnn_lstm
2026-01-29 00:11:50,bdsl_gnn_transformer,1,0.0806,0.3330,./work_dir/bdsl_gnn_transformer
2026-01-29 00:12:13,bdsl_gnn_transformer,3,0.0854,0.3271,./work_dir/bdsl_gnn_transformer
2026-01-29 00:12:33,bdsl_gnn_transformer,5,0.0972,0.4103,./work_dir/bdsl_gnn_transformer
2026-01-29 00:12:50,bdsl_gnn_transformer,7,0.0494,0.2073,./work_dir/bdsl_gnn_transformer
2026-01-29 00:13:07,bdsl_gnn_transformer,9,0.0591,0.2143,./work_dir/bdsl_gnn_transformer
2026-01-29 00:13:24,bdsl_gnn_transformer,11,0.0526,0.2411,./work_dir/bdsl_gnn_transformer
2026-01-29 00:13:40,bdsl_gnn_transformer,13,0.0661,0.2170,./work_dir/bdsl_gnn_transformer
2026-01-29 00:13:57,bdsl_gnn_transformer,15,0.0634,0.2309,./work_dir/bdsl_gnn_transformer
2026-01-29 00:14:14,bdsl_gnn_transformer,17,0.0886,0.3469,./work_dir/bdsl_gnn_transformer
2026-01-29 00:14:31,bdsl_gnn_transformer,19,0.1348,0.4447,./work_dir/bdsl_gnn_transformer
2026-01-29 00:14:47,bdsl_gnn_transformer,21,0.0671,0.2342,./work_dir/bdsl_gnn_transformer
2026-01-29 00:15:04,bdsl_gnn_transformer,23,0.0977,0.3577,./work_dir/bdsl_gnn_transformer
2026-01-29 00:15:21,bdsl_gnn_transformer,25,0.0671,0.2578,./work_dir/bdsl_gnn_transformer
2026-01-29 00:15:38,bdsl_gnn_transformer,27,0.0956,0.3802,./work_dir/bdsl_gnn_transformer
2026-01-29 00:15:57,bdsl_gnn_transformer,29,0.1708,0.4726,./work_dir/bdsl_gnn_transformer
2026-01-29 00:16:18,bdsl_gnn_transformer,31,0.1230,0.4517,./work_dir/bdsl_gnn_transformer
2026-01-29 00:16:41,bdsl_gnn_transformer,33,0.1262,0.4114,./work_dir/bdsl_gnn_transformer
2026-01-29 00:17:06,bdsl_gnn_transformer,35,0.1681,0.5021,./work_dir/bdsl_gnn_transformer
2026-01-29 00:17:26,bdsl_gnn_transformer,37,0.1660,0.4828,./work_dir/bdsl_gnn_transformer
2026-01-29 00:17:48,bdsl_gnn_transformer,39,0.1128,0.3770,./work_dir/bdsl_gnn_transformer
2026-01-29 00:18:12,bdsl_gnn_transformer,41,0.0988,0.3743,./work_dir/bdsl_gnn_transformer
2026-01-29 00:18:38,bdsl_gnn_transformer,43,0.0999,0.3459,./work_dir/bdsl_gnn_transformer
2026-01-29 00:18:59,bdsl_gnn_transformer,45,0.1676,0.5086,./work_dir/bdsl_gnn_transformer
2026-01-29 00:19:20,bdsl_gnn_transformer,47,0.2143,0.5816,./work_dir/bdsl_gnn_transformer
2026-01-29 00:19:39,bdsl_gnn_transformer,49,0.1831,0.5054,./work_dir/bdsl_gnn_transformer
2026-01-29 00:19:58,bdsl_gnn_transformer,51,0.1692,0.5011,./work_dir/bdsl_gnn_transformer
2026-01-29 00:20:21,bdsl_gnn_transformer,53,0.1955,0.5510,./work_dir/bdsl_gnn_transformer
2026-01-29 00:20:44,bdsl_gnn_transformer,55,0.2148,0.5816,./work_dir/bdsl_gnn_transformer
2026-01-29 00:21:08,bdsl_gnn_transformer,57,0.2417,0.5816,./work_dir/bdsl_gnn_transformer
2026-01-29 00:21:28,bdsl_gnn_transformer,59,0.1595,0.4699,./work_dir/bdsl_gnn_transformer
2026-01-29 00:21:45,bdsl_gnn_transformer,61,0.1783,0.4952,./work_dir/bdsl_gnn_transformer
2026-01-29 00:22:02,bdsl_gnn_transformer,63,0.1982,0.5392,./work_dir/bdsl_gnn_transformer
2026-01-29 00:22:19,bdsl_gnn_transformer,65,0.1853,0.5081,./work_dir/bdsl_gnn_transformer
2026-01-29 00:22:37,bdsl_gnn_transformer,67,0.2164,0.5628,./work_dir/bdsl_gnn_transformer
2026-01-29 00:22:54,bdsl_gnn_transformer,69,0.1982,0.5526,./work_dir/bdsl_gnn_transformer
2026-01-29 00:23:13,bdsl_gnn_transformer,71,0.1923,0.5199,./work_dir/bdsl_gnn_transformer
2026-01-29 00:23:30,bdsl_gnn_transformer,73,0.2009,0.5473,./work_dir/bdsl_gnn_transformer
2026-01-29 00:23:47,bdsl_gnn_transformer,75,0.1976,0.5285,./work_dir/bdsl_gnn_transformer
2026-01-29 00:24:04,bdsl_gnn_transformer,77,0.1831,0.4914,./work_dir/bdsl_gnn_transformer
2026-01-29 00:24:20,bdsl_gnn_transformer,79,0.2164,0.5757,./work_dir/bdsl_gnn_transformer
2026-01-29 00:24:37,bdsl_gnn_transformer,81,0.2046,0.5467,./work_dir/bdsl_gnn_transformer
2026-01-29 00:24:54,bdsl_gnn_transformer,83,0.2030,0.5365,./work_dir/bdsl_gnn_transformer
2026-01-29 00:25:14,bdsl_gnn_transformer,85,0.1821,0.5242,./work_dir/bdsl_gnn_transformer
2026-01-29 00:25:33,bdsl_gnn_transformer,87,0.2025,0.5462,./work_dir/bdsl_gnn_transformer
2026-01-29 00:25:51,bdsl_gnn_transformer,89,0.2374,0.5897,./work_dir/bdsl_gnn_transformer
2026-01-29 00:26:13,bdsl_gnn_transformer,91,0.2089,0.5387,./work_dir/bdsl_gnn_transformer
2026-01-29 00:26:35,bdsl_gnn_transformer,93,0.2014,0.5301,./work_dir/bdsl_gnn_transformer
2026-01-29 00:26:56,bdsl_gnn_transformer,95,0.2127,0.5687,./work_dir/bdsl_gnn_transformer
2026-01-29 00:27:16,bdsl_gnn_transformer,97,0.2068,0.5467,./work_dir/bdsl_gnn_transformer
2026-01-29 00:27:33,bdsl_gnn_transformer,99,0.2089,0.5623,./work_dir/bdsl_gnn_transformer
2026-01-29 00:28:16,bdsl_img_gnn_lstm,1,0.0442,0.2110,./work_dir/bdsl_img_gnn_lstm
2026-01-29 00:28:46,bdsl_img_gnn_lstm,3,0.0517,0.2587,./work_dir/bdsl_img_gnn_lstm
2026-01-29 00:29:16,bdsl_img_gnn_lstm,5,0.0606,0.2716,./work_dir/bdsl_img_gnn_lstm
2026-01-29 00:29:46,bdsl_img_gnn_lstm,7,0.0722,0.3036,./work_dir/bdsl_img_gnn_lstm
2026-01-29 00:30:16,bdsl_img_gnn_lstm,9,0.0926,0.3233,./work_dir/bdsl_img_gnn_lstm
2026-01-29 00:30:47,bdsl_img_gnn_lstm,11,0.0926,0.3227,./work_dir/bdsl_img_gnn_lstm
2026-01-29 00:31:24,bdsl_img_gnn_lstm,13,0.0885,0.3376,./work_dir/bdsl_img_gnn_lstm
2026-01-29 00:32:00,bdsl_img_gnn_lstm,15,0.1076,0.3295,./work_dir/bdsl_img_gnn_lstm
2026-01-29 00:32:35,bdsl_img_gnn_lstm,17,0.0892,0.3022,./work_dir/bdsl_img_gnn_lstm
2026-01-29 00:33:09,bdsl_img_gnn_lstm,19,0.1014,0.3145,./work_dir/bdsl_img_gnn_lstm
2026-01-29 00:33:48,bdsl_img_gnn_lstm,21,0.0926,0.3363,./work_dir/bdsl_img_gnn_lstm
2026-01-29 00:34:23,bdsl_img_gnn_lstm,23,0.0953,0.3268,./work_dir/bdsl_img_gnn_lstm
2026-01-29 00:35:07,bdsl_img_gnn_lstm,25,0.1028,0.3254,./work_dir/bdsl_img_gnn_lstm
2026-01-29 00:35:49,bdsl_img_gnn_lstm,27,0.0967,0.3390,./work_dir/bdsl_img_gnn_lstm
2026-01-29 00:36:29,bdsl_img_gnn_lstm,29,0.0946,0.3179,./work_dir/bdsl_img_gnn_lstm
2026-01-29 00:37:11,bdsl_img_gnn_lstm,31,0.0905,0.3404,./work_dir/bdsl_img_gnn_lstm
2026-01-29 00:37:46,bdsl_img_gnn_lstm,33,0.1021,0.3370,./work_dir/bdsl_img_gnn_lstm
2026-01-29 00:38:19,bdsl_img_gnn_lstm,35,0.0994,0.3649,./work_dir/bdsl_img_gnn_lstm
2026-01-29 00:38:52,bdsl_img_gnn_lstm,37,0.0967,0.3261,./work_dir/bdsl_img_gnn_lstm
2026-01-29 00:39:25,bdsl_img_gnn_lstm,39,0.1048,0.3363,./work_dir/bdsl_img_gnn_lstm
2026-01-29 00:39:58,bdsl_img_gnn_lstm,41,0.1021,0.3376,./work_dir/bdsl_img_gnn_lstm
2026-01-29 00:40:31,bdsl_img_gnn_lstm,43,0.1130,0.3492,./work_dir/bdsl_img_gnn_lstm
2026-01-29 00:41:04,bdsl_img_gnn_lstm,45,0.0871,0.3193,./work_dir/bdsl_img_gnn_lstm
2026-01-29 00:41:38,bdsl_img_gnn_lstm,47,0.1035,0.3533,./work_dir/bdsl_img_gnn_lstm
2026-01-29 00:42:15,bdsl_img_gnn_lstm,49,0.1048,0.3383,./work_dir/bdsl_img_gnn_lstm
2026-01-29 00:42:50,bdsl_img_gnn_lstm,51,0.0912,0.3152,./work_dir/bdsl_img_gnn_lstm
2026-01-29 00:43:25,bdsl_img_gnn_lstm,53,0.0837,0.3274,./work_dir/bdsl_img_gnn_lstm
2026-01-29 00:44:00,bdsl_img_gnn_lstm,55,0.0953,0.3356,./work_dir/bdsl_img_gnn_lstm
2026-01-29 00:44:34,bdsl_img_gnn_lstm,57,0.0837,0.3363,./work_dir/bdsl_img_gnn_lstm
2026-01-29 00:45:10,bdsl_img_gnn_lstm,59,0.0973,0.3104,./work_dir/bdsl_img_gnn_lstm
2026-01-29 00:45:48,bdsl_img_gnn_lstm,61,0.0933,0.3587,./work_dir/bdsl_img_gnn_lstm
2026-01-29 00:46:19,bdsl_img_gnn_lstm,63,0.0871,0.3506,./work_dir/bdsl_img_gnn_lstm
2026-01-29 00:46:53,bdsl_img_gnn_lstm,65,0.0994,0.3553,./work_dir/bdsl_img_gnn_lstm
2026-01-29 00:48:08,bdsl_img_gnn_lstm,67,0.0939,0.3547,./work_dir/bdsl_img_gnn_lstm
2026-01-29 00:48:38,bdsl_img_gnn_lstm,69,0.0960,0.3445,./work_dir/bdsl_img_gnn_lstm
2026-01-29 00:49:08,bdsl_img_gnn_lstm,71,0.0912,0.3383,./work_dir/bdsl_img_gnn_lstm
2026-01-29 00:49:52,bdsl_img_gnn_lstm,73,0.1014,0.3642,./work_dir/bdsl_img_gnn_lstm
2026-01-29 00:50:43,bdsl_img_gnn_lstm,75,0.0912,0.3356,./work_dir/bdsl_img_gnn_lstm
2026-01-29 00:51:14,bdsl_img_gnn_lstm,77,0.0967,0.3376,./work_dir/bdsl_img_gnn_lstm
2026-01-29 00:52:18,bdsl_img_gnn_lstm,79,0.1069,0.3526,./work_dir/bdsl_img_gnn_lstm
2026-01-29 00:52:48,bdsl_img_gnn_lstm,81,0.1014,0.3438,./work_dir/bdsl_img_gnn_lstm
2026-01-29 00:53:18,bdsl_img_gnn_lstm,83,0.1055,0.3581,./work_dir/bdsl_img_gnn_lstm
2026-01-29 00:54:23,bdsl_img_gnn_lstm,85,0.0967,0.3410,./work_dir/bdsl_img_gnn_lstm
2026-01-29 00:54:58,bdsl_img_gnn_lstm,87,0.1035,0.3553,./work_dir/bdsl_img_gnn_lstm
2026-01-29 00:55:28,bdsl_img_gnn_lstm,89,0.1021,0.3574,./work_dir/bdsl_img_gnn_lstm
2026-01-29 00:55:58,bdsl_img_gnn_lstm,91,0.1035,0.3513,./work_dir/bdsl_img_gnn_lstm
2026-01-29 00:57:04,bdsl_img_gnn_lstm,93,0.1116,0.3792,./work_dir/bdsl_img_gnn_lstm
2026-01-29 00:57:39,bdsl_img_gnn_lstm,95,0.0967,0.3540,./work_dir/bdsl_img_gnn_lstm
2026-01-29 00:58:10,bdsl_img_gnn_lstm,97,0.0919,0.3370,./work_dir/bdsl_img_gnn_lstm
2026-01-29 00:59:08,bdsl_img_gnn_lstm,99,0.1110,0.3710,./work_dir/bdsl_img_gnn_lstm
2026-01-29 18:05:06,bdsl_adaptive_gnn,1,0.0661,0.2438,./work_dir/bdsl_adaptive_gnn
2026-01-29 18:07:26,bdsl_adaptive_gnn,3,0.0940,0.3507,./work_dir/bdsl_adaptive_gnn
2026-01-29 18:09:38,bdsl_adaptive_gnn,5,0.0865,0.3335,./work_dir/bdsl_adaptive_gnn
2026-01-29 18:11:56,bdsl_adaptive_gnn,7,0.0972,0.3990,./work_dir/bdsl_adaptive_gnn
2026-01-29 18:14:13,bdsl_adaptive_gnn,9,0.0752,0.2954,./work_dir/bdsl_adaptive_gnn
2026-01-29 18:16:33,bdsl_adaptive_gnn,11,0.1665,0.5134,./work_dir/bdsl_adaptive_gnn
2026-01-29 18:18:49,bdsl_adaptive_gnn,13,0.1735,0.5247,./work_dir/bdsl_adaptive_gnn
2026-01-29 18:20:45,bdsl_adaptive_gnn,15,0.1284,0.4146,./work_dir/bdsl_adaptive_gnn
2026-01-29 18:22:56,bdsl_adaptive_gnn,17,0.1477,0.4850,./work_dir/bdsl_adaptive_gnn
2026-01-29 18:25:28,bdsl_adaptive_gnn,19,0.1869,0.5247,./work_dir/bdsl_adaptive_gnn
2026-01-29 18:27:49,bdsl_adaptive_gnn,21,0.1541,0.4458,./work_dir/bdsl_adaptive_gnn
2026-01-29 18:29:46,bdsl_adaptive_gnn,23,0.1976,0.4603,./work_dir/bdsl_adaptive_gnn
2026-01-29 18:31:44,bdsl_adaptive_gnn,25,0.1541,0.4909,./work_dir/bdsl_adaptive_gnn
2026-01-29 18:34:00,bdsl_adaptive_gnn,27,0.1928,0.4893,./work_dir/bdsl_adaptive_gnn
2026-01-29 18:35:56,bdsl_adaptive_gnn,29,0.1702,0.4850,./work_dir/bdsl_adaptive_gnn
2026-01-29 18:37:56,bdsl_adaptive_gnn,31,0.2777,0.6563,./work_dir/bdsl_adaptive_gnn
2026-01-29 18:40:10,bdsl_adaptive_gnn,33,0.2009,0.4501,./work_dir/bdsl_adaptive_gnn
2026-01-29 18:42:32,bdsl_adaptive_gnn,35,0.3561,0.6219,./work_dir/bdsl_adaptive_gnn
2026-01-29 18:45:01,bdsl_adaptive_gnn,37,0.4366,0.7535,./work_dir/bdsl_adaptive_gnn
2026-01-29 18:47:07,bdsl_adaptive_gnn,39,0.4452,0.7723,./work_dir/bdsl_adaptive_gnn
2026-01-29 18:49:14,bdsl_adaptive_gnn,41,0.4184,0.7111,./work_dir/bdsl_adaptive_gnn
2026-01-29 18:51:24,bdsl_adaptive_gnn,43,0.4506,0.7288,./work_dir/bdsl_adaptive_gnn
2026-01-29 18:53:35,bdsl_adaptive_gnn,45,0.5231,0.8271,./work_dir/bdsl_adaptive_gnn
2026-01-29 18:55:46,bdsl_adaptive_gnn,47,0.4898,0.7991,./work_dir/bdsl_adaptive_gnn
2026-01-29 18:59:36,bdsl_adaptive_gnn,49,0.4715,0.7696,./work_dir/bdsl_adaptive_gnn
2026-01-29 19:02:48,bdsl_adaptive_gnn,51,0.4952,0.7696,./work_dir/bdsl_adaptive_gnn
2026-01-29 19:05:53,bdsl_adaptive_gnn,53,0.5322,0.8099,./work_dir/bdsl_adaptive_gnn
2026-01-29 19:09:06,bdsl_adaptive_gnn,55,0.5360,0.8174,./work_dir/bdsl_adaptive_gnn
2026-01-29 19:12:38,bdsl_adaptive_gnn,57,0.4936,0.7723,./work_dir/bdsl_adaptive_gnn
2026-01-29 19:15:37,bdsl_adaptive_gnn,59,0.5811,0.8437,./work_dir/bdsl_adaptive_gnn
2026-01-29 19:19:24,bdsl_adaptive_gnn,61,0.5730,0.8378,./work_dir/bdsl_adaptive_gnn
2026-01-29 19:23:25,bdsl_adaptive_gnn,63,0.5306,0.7836,./work_dir/bdsl_adaptive_gnn
2026-01-29 19:28:00,bdsl_adaptive_gnn,65,0.5505,0.7986,./work_dir/bdsl_adaptive_gnn
2026-01-29 19:32:37,bdsl_adaptive_gnn,67,0.5585,0.8040,./work_dir/bdsl_adaptive_gnn
2026-01-29 19:37:01,bdsl_adaptive_gnn,69,0.5548,0.8131,./work_dir/bdsl_adaptive_gnn
2026-01-29 19:41:08,bdsl_adaptive_gnn,71,0.5666,0.8217,./work_dir/bdsl_adaptive_gnn
2026-01-29 19:45:40,bdsl_adaptive_gnn,73,0.5687,0.8255,./work_dir/bdsl_adaptive_gnn
2026-01-29 19:49:34,bdsl_adaptive_gnn,75,0.5757,0.8222,./work_dir/bdsl_adaptive_gnn
2026-01-29 19:54:08,bdsl_adaptive_gnn,77,0.5720,0.8077,./work_dir/bdsl_adaptive_gnn
2026-01-29 19:58:59,bdsl_adaptive_gnn,79,0.5639,0.8099,./work_dir/bdsl_adaptive_gnn
2026-01-29 20:03:42,bdsl_adaptive_gnn,81,0.5698,0.8136,./work_dir/bdsl_adaptive_gnn
2026-01-29 20:08:38,bdsl_adaptive_gnn,83,0.5344,0.7948,./work_dir/bdsl_adaptive_gnn
2026-01-29 20:13:22,bdsl_adaptive_gnn,85,0.6101,0.8566,./work_dir/bdsl_adaptive_gnn
2026-01-29 20:18:22,bdsl_adaptive_gnn,87,0.5521,0.8056,./work_dir/bdsl_adaptive_gnn
2026-01-29 20:22:56,bdsl_adaptive_gnn,89,0.5822,0.8308,./work_dir/bdsl_adaptive_gnn
2026-01-29 20:25:33,bdsl_adaptive_gnn,91,0.5908,0.8416,./work_dir/bdsl_adaptive_gnn
2026-01-29 20:30:14,bdsl_adaptive_gnn,93,0.5687,0.8244,./work_dir/bdsl_adaptive_gnn
2026-01-29 20:35:01,bdsl_adaptive_gnn,95,0.5628,0.8093,./work_dir/bdsl_adaptive_gnn
2026-01-29 20:39:52,bdsl_adaptive_gnn,97,0.5768,0.8298,./work_dir/bdsl_adaptive_gnn
2026-01-29 20:44:41,bdsl_adaptive_gnn,99,0.5677,0.8093,./work_dir/bdsl_adaptive_gnn
2026-01-29 21:41:41,bdsl_adaptive_gnn,1,0.0661,0.2438,./work_dir/bdsl_adaptive_gnn
2026-01-30 06:07:32,bdsl_adaptive_gnn,1,0.0661,0.2438,./work_dir/bdsl_adaptive_gnn
2026-01-30 06:09:56,bdsl_adaptive_gnn,3,0.0940,0.3507,./work_dir/bdsl_adaptive_gnn
2026-01-30 06:37:52,bdsl_adaptive_gnn,1,0.0661,0.2438,./work_dir/bdsl_adaptive_gnn
2026-01-30 06:39:42,bdsl_adaptive_gnn,3,0.0940,0.3507,./work_dir/bdsl_adaptive_gnn
2026-01-30 06:41:32,bdsl_adaptive_gnn,5,0.0865,0.3335,./work_dir/bdsl_adaptive_gnn
2026-01-30 06:43:23,bdsl_adaptive_gnn,7,0.0972,0.3990,./work_dir/bdsl_adaptive_gnn
2026-01-30 06:45:15,bdsl_adaptive_gnn,9,0.0752,0.2954,./work_dir/bdsl_adaptive_gnn
2026-01-30 06:47:06,bdsl_adaptive_gnn,11,0.1665,0.5134,./work_dir/bdsl_adaptive_gnn
2026-01-30 06:48:57,bdsl_adaptive_gnn,13,0.1735,0.5247,./work_dir/bdsl_adaptive_gnn
2026-01-30 06:50:49,bdsl_adaptive_gnn,15,0.1284,0.4146,./work_dir/bdsl_adaptive_gnn
2026-01-30 06:52:40,bdsl_adaptive_gnn,17,0.1477,0.4850,./work_dir/bdsl_adaptive_gnn
2026-01-30 06:54:32,bdsl_adaptive_gnn,19,0.1869,0.5247,./work_dir/bdsl_adaptive_gnn
2026-01-30 06:56:23,bdsl_adaptive_gnn,21,0.1541,0.4458,./work_dir/bdsl_adaptive_gnn
2026-01-30 06:58:14,bdsl_adaptive_gnn,23,0.1976,0.4603,./work_dir/bdsl_adaptive_gnn
2026-01-30 07:00:05,bdsl_adaptive_gnn,25,0.1541,0.4909,./work_dir/bdsl_adaptive_gnn
2026-01-30 07:01:57,bdsl_adaptive_gnn,27,0.1928,0.4893,./work_dir/bdsl_adaptive_gnn
2026-01-30 07:03:48,bdsl_adaptive_gnn,29,0.1702,0.4850,./work_dir/bdsl_adaptive_gnn
2026-01-30 07:05:40,bdsl_adaptive_gnn,31,0.2777,0.6563,./work_dir/bdsl_adaptive_gnn
2026-01-30 07:07:43,bdsl_adaptive_gnn,33,0.2009,0.4501,./work_dir/bdsl_adaptive_gnn
2026-01-30 07:10:06,bdsl_adaptive_gnn,35,0.3561,0.6219,./work_dir/bdsl_adaptive_gnn
2026-01-30 07:12:24,bdsl_adaptive_gnn,37,0.4366,0.7535,./work_dir/bdsl_adaptive_gnn
2026-01-30 07:14:33,bdsl_adaptive_gnn,39,0.4452,0.7723,./work_dir/bdsl_adaptive_gnn
2026-01-30 07:16:47,bdsl_adaptive_gnn,41,0.4184,0.7111,./work_dir/bdsl_adaptive_gnn
2026-01-30 07:19:01,bdsl_adaptive_gnn,43,0.4506,0.7288,./work_dir/bdsl_adaptive_gnn
2026-01-30 07:21:18,bdsl_adaptive_gnn,45,0.5231,0.8271,./work_dir/bdsl_adaptive_gnn
2026-01-30 07:23:35,bdsl_adaptive_gnn,47,0.4898,0.7991,./work_dir/bdsl_adaptive_gnn
2026-01-30 07:25:31,bdsl_adaptive_gnn,49,0.4715,0.7696,./work_dir/bdsl_adaptive_gnn
2026-01-30 07:27:30,bdsl_adaptive_gnn,51,0.4952,0.7696,./work_dir/bdsl_adaptive_gnn
2026-01-30 07:30:03,bdsl_adaptive_gnn,53,0.5322,0.8099,./work_dir/bdsl_adaptive_gnn
2026-01-30 07:32:21,bdsl_adaptive_gnn,55,0.5360,0.8174,./work_dir/bdsl_adaptive_gnn
2026-01-30 07:34:18,bdsl_adaptive_gnn,57,0.4936,0.7723,./work_dir/bdsl_adaptive_gnn
2026-02-01 02:23:51,bdsl_adaptive_gnn,1,0.0661,0.2438,./work_dir/bdsl_adaptive_gnn
2026-02-01 02:25:48,bdsl_adaptive_gnn,3,0.0940,0.3507,./work_dir/bdsl_adaptive_gnn
2026-02-01 02:27:46,bdsl_adaptive_gnn,5,0.0865,0.3335,./work_dir/bdsl_adaptive_gnn
2026-02-01 02:29:46,bdsl_adaptive_gnn,7,0.0972,0.3990,./work_dir/bdsl_adaptive_gnn
2026-02-01 02:31:44,bdsl_adaptive_gnn,9,0.0752,0.2954,./work_dir/bdsl_adaptive_gnn
2026-02-01 02:33:42,bdsl_adaptive_gnn,11,0.1665,0.5134,./work_dir/bdsl_adaptive_gnn
2026-02-01 02:35:40,bdsl_adaptive_gnn,13,0.1735,0.5247,./work_dir/bdsl_adaptive_gnn
2026-02-01 02:37:35,bdsl_adaptive_gnn,15,0.1284,0.4146,./work_dir/bdsl_adaptive_gnn
2026-02-01 02:39:32,bdsl_adaptive_gnn,17,0.1477,0.4850,./work_dir/bdsl_adaptive_gnn
2026-02-01 02:41:27,bdsl_adaptive_gnn,19,0.1869,0.5247,./work_dir/bdsl_adaptive_gnn
2026-02-01 02:43:24,bdsl_adaptive_gnn,21,0.1541,0.4458,./work_dir/bdsl_adaptive_gnn
2026-02-01 02:45:22,bdsl_adaptive_gnn,23,0.1976,0.4603,./work_dir/bdsl_adaptive_gnn
2026-02-01 02:47:18,bdsl_adaptive_gnn,25,0.1541,0.4909,./work_dir/bdsl_adaptive_gnn
2026-02-01 02:49:15,bdsl_adaptive_gnn,27,0.1928,0.4893,./work_dir/bdsl_adaptive_gnn
2026-02-01 02:51:12,bdsl_adaptive_gnn,29,0.1702,0.4850,./work_dir/bdsl_adaptive_gnn
2026-02-01 02:53:09,bdsl_adaptive_gnn,31,0.2777,0.6563,./work_dir/bdsl_adaptive_gnn
2026-02-01 02:55:06,bdsl_adaptive_gnn,33,0.2009,0.4501,./work_dir/bdsl_adaptive_gnn
2026-02-01 02:57:03,bdsl_adaptive_gnn,35,0.3561,0.6219,./work_dir/bdsl_adaptive_gnn
2026-02-01 02:58:59,bdsl_adaptive_gnn,37,0.4366,0.7535,./work_dir/bdsl_adaptive_gnn
2026-02-01 03:00:56,bdsl_adaptive_gnn,39,0.4452,0.7723,./work_dir/bdsl_adaptive_gnn
2026-02-01 03:02:55,bdsl_adaptive_gnn,41,0.4184,0.7111,./work_dir/bdsl_adaptive_gnn
2026-02-01 03:04:52,bdsl_adaptive_gnn,43,0.4506,0.7288,./work_dir/bdsl_adaptive_gnn
2026-02-01 03:06:51,bdsl_adaptive_gnn,45,0.5231,0.8271,./work_dir/bdsl_adaptive_gnn
2026-02-01 03:08:50,bdsl_adaptive_gnn,47,0.4898,0.7991,./work_dir/bdsl_adaptive_gnn
2026-02-01 03:10:49,bdsl_adaptive_gnn,49,0.4715,0.7696,./work_dir/bdsl_adaptive_gnn
2026-02-01 03:12:45,bdsl_adaptive_gnn,51,0.4952,0.7696,./work_dir/bdsl_adaptive_gnn
2026-02-01 03:14:41,bdsl_adaptive_gnn,53,0.5322,0.8099,./work_dir/bdsl_adaptive_gnn
2026-02-01 03:16:38,bdsl_adaptive_gnn,55,0.5360,0.8174,./work_dir/bdsl_adaptive_gnn
2026-02-01 03:18:35,bdsl_adaptive_gnn,57,0.4936,0.7723,./work_dir/bdsl_adaptive_gnn
2026-02-01 03:20:33,bdsl_adaptive_gnn,59,0.5811,0.8437,./work_dir/bdsl_adaptive_gnn
2026-02-01 03:22:31,bdsl_adaptive_gnn,61,0.5730,0.8378,./work_dir/bdsl_adaptive_gnn
2026-02-01 03:24:27,bdsl_adaptive_gnn,63,0.5306,0.7836,./work_dir/bdsl_adaptive_gnn
2026-02-01 03:26:25,bdsl_adaptive_gnn,65,0.5505,0.7986,./work_dir/bdsl_adaptive_gnn
2026-02-01 03:28:20,bdsl_adaptive_gnn,67,0.5585,0.8040,./work_dir/bdsl_adaptive_gnn
2026-02-01 03:30:18,bdsl_adaptive_gnn,69,0.5548,0.8131,./work_dir/bdsl_adaptive_gnn
2026-02-01 03:32:16,bdsl_adaptive_gnn,71,0.5666,0.8217,./work_dir/bdsl_adaptive_gnn
2026-02-01 03:34:11,bdsl_adaptive_gnn,73,0.5687,0.8255,./work_dir/bdsl_adaptive_gnn
2026-02-01 03:36:08,bdsl_adaptive_gnn,75,0.5757,0.8222,./work_dir/bdsl_adaptive_gnn
2026-02-01 03:38:04,bdsl_adaptive_gnn,77,0.5720,0.8077,./work_dir/bdsl_adaptive_gnn
2026-02-01 03:40:05,bdsl_adaptive_gnn,79,0.5639,0.8099,./work_dir/bdsl_adaptive_gnn
2026-02-01 03:42:04,bdsl_adaptive_gnn,81,0.5698,0.8136,./work_dir/bdsl_adaptive_gnn
2026-02-01 03:44:04,bdsl_adaptive_gnn,83,0.5344,0.7948,./work_dir/bdsl_adaptive_gnn
2026-02-01 03:46:05,bdsl_adaptive_gnn,85,0.6101,0.8566,./work_dir/bdsl_adaptive_gnn
2026-02-01 03:48:03,bdsl_adaptive_gnn,87,0.5521,0.8056,./work_dir/bdsl_adaptive_gnn
2026-02-01 03:50:01,bdsl_adaptive_gnn,89,0.5822,0.8308,./work_dir/bdsl_adaptive_gnn
2026-02-01 03:52:02,bdsl_adaptive_gnn,91,0.5908,0.8416,./work_dir/bdsl_adaptive_gnn
2026-02-01 03:54:01,bdsl_adaptive_gnn,93,0.5687,0.8244,./work_dir/bdsl_adaptive_gnn
2026-02-01 03:56:02,bdsl_adaptive_gnn,95,0.5628,0.8093,./work_dir/bdsl_adaptive_gnn
2026-02-01 03:58:03,bdsl_adaptive_gnn,97,0.5768,0.8298,./work_dir/bdsl_adaptive_gnn
2026-02-01 04:00:04,bdsl_adaptive_gnn,99,0.5677,0.8093,./work_dir/bdsl_adaptive_gnn
2026-02-04 07:05:55,bdsl_no_lgrpe,9,0.1574,0.4699,./work_dir/bdsl_no_lgrpe
2026-02-04 07:33:28,bdsl_no_lgrpe,19,0.1327,0.3899,./work_dir/bdsl_no_lgrpe
2026-02-04 08:01:02,bdsl_no_lgrpe,29,0.5134,0.8878,./work_dir/bdsl_no_lgrpe
2026-02-04 08:28:36,bdsl_no_lgrpe,39,0.7589,0.9683,./work_dir/bdsl_no_lgrpe
2026-02-04 08:56:10,bdsl_no_lgrpe,49,0.8303,0.9866,./work_dir/bdsl_no_lgrpe
2026-02-04 09:23:45,bdsl_no_lgrpe,59,0.8867,0.9909,./work_dir/bdsl_no_lgrpe
2026-02-04 09:51:25,bdsl_no_lgrpe,69,0.9517,0.9936,./work_dir/bdsl_no_lgrpe
2026-02-04 10:19:00,bdsl_no_lgrpe,79,0.9549,0.9930,./work_dir/bdsl_no_lgrpe
2026-02-04 10:46:45,bdsl_no_lgrpe,89,0.9544,0.9946,./work_dir/bdsl_no_lgrpe
2026-02-04 11:14:25,bdsl_no_lgrpe,99,0.9533,0.9941,./work_dir/bdsl_no_lgrpe
2026-02-04 14:06:19,bdsl_no_ttsa,9,0.1117,0.4393,./work_dir/bdsl_no_ttsa
2026-02-04 17:47:52,bdsl_no_ttsa,9,0.1117,0.4393,./work_dir/bdsl_no_ttsa
2026-02-04 18:02:56,bdsl_no_ttsa,19,0.1031,0.3851,./work_dir/bdsl_no_ttsa
2026-02-04 18:18:11,bdsl_no_ttsa,29,0.0972,0.3523,./work_dir/bdsl_no_ttsa
2026-02-04 18:33:22,bdsl_no_ttsa,39,0.0618,0.2406,./work_dir/bdsl_no_ttsa
2026-02-04 18:48:16,bdsl_no_ttsa,49,0.0972,0.3346,./work_dir/bdsl_no_ttsa
2026-02-04 19:03:08,bdsl_no_ttsa,59,0.1182,0.4425,./work_dir/bdsl_no_ttsa
2026-02-04 19:18:28,bdsl_no_ttsa,69,0.1310,0.4237,./work_dir/bdsl_no_ttsa
2026-02-04 19:33:39,bdsl_no_ttsa,79,0.1267,0.3910,./work_dir/bdsl_no_ttsa
2026-02-04 19:48:49,bdsl_no_ttsa,89,0.1208,0.3915,./work_dir/bdsl_no_ttsa
2026-02-04 20:04:00,bdsl_no_ttsa,99,0.1305,0.4248,./work_dir/bdsl_no_ttsa
2026-02-05 01:12:29,bdsl_no_paf,9,0.1198,0.4393,./work_dir/bdsl_no_paf
2026-02-05 01:40:00,bdsl_no_paf,19,0.1257,0.4495,./work_dir/bdsl_no_paf
2026-02-05 02:07:32,bdsl_no_paf,29,0.1724,0.4533,./work_dir/bdsl_no_paf
2026-02-05 02:35:06,bdsl_no_paf,39,0.3008,0.6557,./work_dir/bdsl_no_paf
2026-02-05 03:02:40,bdsl_no_paf,49,0.2524,0.6257,./work_dir/bdsl_no_paf
2026-02-05 03:30:14,bdsl_no_paf,59,0.4286,0.7905,./work_dir/bdsl_no_paf
2026-02-05 03:57:48,bdsl_no_paf,69,0.5822,0.9012,./work_dir/bdsl_no_paf
2026-02-05 04:25:23,bdsl_no_paf,79,0.5752,0.8921,./work_dir/bdsl_no_paf
2026-02-05 04:52:59,bdsl_no_paf,89,0.5602,0.8797,./work_dir/bdsl_no_paf
2026-02-05 05:20:35,bdsl_no_paf,99,0.5344,0.8663,./work_dir/bdsl_no_paf
2026-02-05 05:25:27,bdsl_img_no_lgrpe,1,0.0756,0.2594,./work_dir/bdsl_img_no_lgrpe
2026-02-05 05:30:10,bdsl_img_no_lgrpe,3,0.1287,0.4275,./work_dir/bdsl_img_no_lgrpe
2026-02-05 05:34:52,bdsl_img_no_lgrpe,5,0.1688,0.4874,./work_dir/bdsl_img_no_lgrpe
2026-02-05 05:39:35,bdsl_img_no_lgrpe,7,0.1947,0.5276,./work_dir/bdsl_img_no_lgrpe
2026-02-05 05:44:17,bdsl_img_no_lgrpe,9,0.2287,0.5330,./work_dir/bdsl_img_no_lgrpe
2026-02-05 05:49:00,bdsl_img_no_lgrpe,11,0.2389,0.5745,./work_dir/bdsl_img_no_lgrpe
2026-02-05 05:53:43,bdsl_img_no_lgrpe,13,0.2505,0.5861,./work_dir/bdsl_img_no_lgrpe
2026-02-05 05:58:26,bdsl_img_no_lgrpe,15,0.2607,0.5963,./work_dir/bdsl_img_no_lgrpe
2026-02-05 06:03:09,bdsl_img_no_lgrpe,17,0.2893,0.6188,./work_dir/bdsl_img_no_lgrpe
2026-02-05 06:07:52,bdsl_img_no_lgrpe,19,0.2934,0.6297,./work_dir/bdsl_img_no_lgrpe
2026-02-05 06:12:35,bdsl_img_no_lgrpe,21,0.2845,0.6515,./work_dir/bdsl_img_no_lgrpe
2026-02-05 06:17:17,bdsl_img_no_lgrpe,23,0.3363,0.6692,./work_dir/bdsl_img_no_lgrpe
2026-02-05 06:22:00,bdsl_img_no_lgrpe,25,0.2954,0.6583,./work_dir/bdsl_img_no_lgrpe
2026-02-05 06:26:43,bdsl_img_no_lgrpe,27,0.3152,0.6671,./work_dir/bdsl_img_no_lgrpe
2026-02-05 06:31:25,bdsl_img_no_lgrpe,29,0.3451,0.6814,./work_dir/bdsl_img_no_lgrpe
2026-02-05 06:36:08,bdsl_img_no_lgrpe,31,0.2988,0.6447,./work_dir/bdsl_img_no_lgrpe
2026-02-05 06:40:51,bdsl_img_no_lgrpe,33,0.3268,0.6644,./work_dir/bdsl_img_no_lgrpe
2026-02-05 06:45:34,bdsl_img_no_lgrpe,35,0.3397,0.6889,./work_dir/bdsl_img_no_lgrpe
2026-02-05 06:50:18,bdsl_img_no_lgrpe,37,0.3445,0.6869,./work_dir/bdsl_img_no_lgrpe
2026-02-05 06:55:01,bdsl_img_no_lgrpe,39,0.3635,0.7161,./work_dir/bdsl_img_no_lgrpe
2026-02-05 06:59:44,bdsl_img_no_lgrpe,41,0.1858,0.5037,./work_dir/bdsl_img_no_lgrpe
2026-02-05 07:04:27,bdsl_img_no_lgrpe,43,0.3860,0.7195,./work_dir/bdsl_img_no_lgrpe
2026-02-05 07:09:10,bdsl_img_no_lgrpe,45,0.3465,0.7134,./work_dir/bdsl_img_no_lgrpe
2026-02-05 07:13:52,bdsl_img_no_lgrpe,47,0.3703,0.7338,./work_dir/bdsl_img_no_lgrpe
2026-02-05 07:18:35,bdsl_img_no_lgrpe,49,0.4023,0.7617,./work_dir/bdsl_img_no_lgrpe
2026-02-05 07:23:18,bdsl_img_no_lgrpe,51,0.4057,0.7672,./work_dir/bdsl_img_no_lgrpe
2026-02-05 07:28:01,bdsl_img_no_lgrpe,53,0.3921,0.7638,./work_dir/bdsl_img_no_lgrpe
2026-02-05 07:32:44,bdsl_img_no_lgrpe,55,0.4064,0.7529,./work_dir/bdsl_img_no_lgrpe
2026-02-05 07:37:26,bdsl_img_no_lgrpe,57,0.4207,0.7842,./work_dir/bdsl_img_no_lgrpe
2026-02-05 07:42:09,bdsl_img_no_lgrpe,59,0.4173,0.7931,./work_dir/bdsl_img_no_lgrpe
2026-02-05 07:46:51,bdsl_img_no_lgrpe,61,0.4915,0.8291,./work_dir/bdsl_img_no_lgrpe
2026-02-05 07:51:34,bdsl_img_no_lgrpe,63,0.5099,0.8346,./work_dir/bdsl_img_no_lgrpe
2026-02-05 07:56:17,bdsl_img_no_lgrpe,65,0.5228,0.8380,./work_dir/bdsl_img_no_lgrpe
2026-02-05 08:01:00,bdsl_img_no_lgrpe,67,0.5385,0.8455,./work_dir/bdsl_img_no_lgrpe
2026-02-05 08:05:43,bdsl_img_no_lgrpe,69,0.5453,0.8502,./work_dir/bdsl_img_no_lgrpe
2026-02-05 08:10:26,bdsl_img_no_lgrpe,71,0.5487,0.8536,./work_dir/bdsl_img_no_lgrpe
2026-02-05 08:15:09,bdsl_img_no_lgrpe,73,0.5494,0.8509,./work_dir/bdsl_img_no_lgrpe
2026-02-05 08:19:51,bdsl_img_no_lgrpe,75,0.5582,0.8591,./work_dir/bdsl_img_no_lgrpe
2026-02-05 08:24:34,bdsl_img_no_lgrpe,77,0.5541,0.8639,./work_dir/bdsl_img_no_lgrpe
2026-02-05 08:29:17,bdsl_img_no_lgrpe,79,0.5677,0.8639,./work_dir/bdsl_img_no_lgrpe
2026-02-05 08:34:00,bdsl_img_no_lgrpe,81,0.5875,0.8673,./work_dir/bdsl_img_no_lgrpe
2026-02-05 08:38:43,bdsl_img_no_lgrpe,83,0.5861,0.8700,./work_dir/bdsl_img_no_lgrpe
2026-02-05 08:43:26,bdsl_img_no_lgrpe,85,0.5977,0.8720,./work_dir/bdsl_img_no_lgrpe
2026-02-05 08:48:09,bdsl_img_no_lgrpe,87,0.5820,0.8577,./work_dir/bdsl_img_no_lgrpe
2026-02-05 08:52:51,bdsl_img_no_lgrpe,89,0.5909,0.8707,./work_dir/bdsl_img_no_lgrpe
2026-02-05 08:57:34,bdsl_img_no_lgrpe,91,0.5848,0.8727,./work_dir/bdsl_img_no_lgrpe
2026-02-05 09:02:17,bdsl_img_no_lgrpe,93,0.5827,0.8781,./work_dir/bdsl_img_no_lgrpe
2026-02-05 09:07:00,bdsl_img_no_lgrpe,95,0.6004,0.8727,./work_dir/bdsl_img_no_lgrpe
2026-02-05 09:11:43,bdsl_img_no_lgrpe,97,0.6174,0.8734,./work_dir/bdsl_img_no_lgrpe
2026-02-05 09:16:26,bdsl_img_no_lgrpe,99,0.6201,0.8754,./work_dir/bdsl_img_no_lgrpe
2026-02-05 09:19:04,bdsl_img_no_ttsa,1,0.0878,0.3063,./work_dir/bdsl_img_no_ttsa
2026-02-05 09:21:33,bdsl_img_no_ttsa,3,0.1042,0.3574,./work_dir/bdsl_img_no_ttsa
2026-02-05 09:24:02,bdsl_img_no_ttsa,5,0.1688,0.4649,./work_dir/bdsl_img_no_ttsa
2026-02-05 09:26:32,bdsl_img_no_ttsa,7,0.1967,0.5058,./work_dir/bdsl_img_no_ttsa
2026-02-05 09:29:01,bdsl_img_no_ttsa,9,0.2144,0.5425,./work_dir/bdsl_img_no_ttsa
2026-02-05 09:31:31,bdsl_img_no_ttsa,11,0.2267,0.5494,./work_dir/bdsl_img_no_ttsa
2026-02-05 09:34:01,bdsl_img_no_ttsa,13,0.2464,0.5997,./work_dir/bdsl_img_no_ttsa
2026-02-05 09:36:30,bdsl_img_no_ttsa,15,0.2614,0.5922,./work_dir/bdsl_img_no_ttsa
2026-02-05 09:39:00,bdsl_img_no_ttsa,17,0.2907,0.6236,./work_dir/bdsl_img_no_ttsa
2026-02-05 09:41:30,bdsl_img_no_ttsa,19,0.2811,0.6351,./work_dir/bdsl_img_no_ttsa
2026-02-05 09:43:59,bdsl_img_no_ttsa,21,0.2893,0.6378,./work_dir/bdsl_img_no_ttsa
2026-02-05 09:46:29,bdsl_img_no_ttsa,23,0.2893,0.6521,./work_dir/bdsl_img_no_ttsa
2026-02-05 09:48:59,bdsl_img_no_ttsa,25,0.3050,0.6651,./work_dir/bdsl_img_no_ttsa
2026-02-05 09:51:29,bdsl_img_no_ttsa,27,0.3220,0.6658,./work_dir/bdsl_img_no_ttsa
2026-02-05 09:53:59,bdsl_img_no_ttsa,29,0.3240,0.6835,./work_dir/bdsl_img_no_ttsa
2026-02-05 09:56:28,bdsl_img_no_ttsa,31,0.3308,0.6882,./work_dir/bdsl_img_no_ttsa
2026-02-05 09:58:57,bdsl_img_no_ttsa,33,0.3410,0.7080,./work_dir/bdsl_img_no_ttsa
2026-02-05 10:01:26,bdsl_img_no_ttsa,35,0.3336,0.6964,./work_dir/bdsl_img_no_ttsa
2026-02-05 10:03:55,bdsl_img_no_ttsa,37,0.3567,0.6930,./work_dir/bdsl_img_no_ttsa
2026-02-05 10:06:23,bdsl_img_no_ttsa,39,0.3540,0.7005,./work_dir/bdsl_img_no_ttsa
2026-02-05 10:08:52,bdsl_img_no_ttsa,41,0.3696,0.7100,./work_dir/bdsl_img_no_ttsa
2026-02-05 10:11:21,bdsl_img_no_ttsa,43,0.3574,0.7291,./work_dir/bdsl_img_no_ttsa
2026-02-05 10:13:50,bdsl_img_no_ttsa,45,0.3880,0.7189,./work_dir/bdsl_img_no_ttsa
2026-02-05 10:16:19,bdsl_img_no_ttsa,47,0.3724,0.7447,./work_dir/bdsl_img_no_ttsa
2026-02-05 10:18:47,bdsl_img_no_ttsa,49,0.3921,0.7570,./work_dir/bdsl_img_no_ttsa
2026-02-05 10:21:16,bdsl_img_no_ttsa,51,0.3724,0.7318,./work_dir/bdsl_img_no_ttsa
2026-02-05 10:23:45,bdsl_img_no_ttsa,53,0.4030,0.7563,./work_dir/bdsl_img_no_ttsa
2026-02-05 10:26:14,bdsl_img_no_ttsa,55,0.4282,0.7604,./work_dir/bdsl_img_no_ttsa
2026-02-05 10:28:43,bdsl_img_no_ttsa,57,0.4044,0.7583,./work_dir/bdsl_img_no_ttsa
2026-02-05 10:31:12,bdsl_img_no_ttsa,59,0.4152,0.7692,./work_dir/bdsl_img_no_ttsa
2026-02-05 10:33:40,bdsl_img_no_ttsa,61,0.4901,0.8182,./work_dir/bdsl_img_no_ttsa
2026-02-05 10:36:09,bdsl_img_no_ttsa,63,0.4908,0.8278,./work_dir/bdsl_img_no_ttsa
2026-02-05 10:38:38,bdsl_img_no_ttsa,65,0.4949,0.8251,./work_dir/bdsl_img_no_ttsa
2026-02-05 10:41:07,bdsl_img_no_ttsa,67,0.5133,0.8434,./work_dir/bdsl_img_no_ttsa
2026-02-05 10:43:35,bdsl_img_no_ttsa,69,0.4990,0.8332,./work_dir/bdsl_img_no_ttsa
2026-02-05 10:46:05,bdsl_img_no_ttsa,71,0.5296,0.8516,./work_dir/bdsl_img_no_ttsa
2026-02-05 10:48:34,bdsl_img_no_ttsa,73,0.5269,0.8509,./work_dir/bdsl_img_no_ttsa
2026-02-05 10:51:04,bdsl_img_no_ttsa,75,0.5228,0.8339,./work_dir/bdsl_img_no_ttsa
2026-02-05 10:53:34,bdsl_img_no_ttsa,77,0.5221,0.8319,./work_dir/bdsl_img_no_ttsa
2026-02-05 10:56:03,bdsl_img_no_ttsa,79,0.5310,0.8373,./work_dir/bdsl_img_no_ttsa
2026-02-05 10:58:33,bdsl_img_no_ttsa,81,0.5500,0.8468,./work_dir/bdsl_img_no_ttsa
2026-02-05 11:01:03,bdsl_img_no_ttsa,83,0.5269,0.8475,./work_dir/bdsl_img_no_ttsa
2026-02-05 11:03:33,bdsl_img_no_ttsa,85,0.5555,0.8550,./work_dir/bdsl_img_no_ttsa
2026-02-05 11:06:02,bdsl_img_no_ttsa,87,0.5500,0.8530,./work_dir/bdsl_img_no_ttsa
2026-02-05 11:08:32,bdsl_img_no_ttsa,89,0.5432,0.8570,./work_dir/bdsl_img_no_ttsa
2026-02-05 11:11:02,bdsl_img_no_ttsa,91,0.5562,0.8482,./work_dir/bdsl_img_no_ttsa
2026-02-05 11:13:32,bdsl_img_no_ttsa,93,0.5589,0.8611,./work_dir/bdsl_img_no_ttsa
2026-02-05 11:16:02,bdsl_img_no_ttsa,95,0.5596,0.8557,./work_dir/bdsl_img_no_ttsa
2026-02-05 11:18:33,bdsl_img_no_ttsa,97,0.5548,0.8584,./work_dir/bdsl_img_no_ttsa
2026-02-05 11:21:03,bdsl_img_no_ttsa,99,0.5636,0.8570,./work_dir/bdsl_img_no_ttsa
2026-02-05 11:25:58,bdsl_img_no_paf,1,0.0837,0.2941,./work_dir/bdsl_img_no_paf
2026-02-05 11:30:46,bdsl_img_no_paf,3,0.1028,0.3438,./work_dir/bdsl_img_no_paf
2026-02-05 11:35:33,bdsl_img_no_paf,5,0.1300,0.3819,./work_dir/bdsl_img_no_paf
2026-02-05 11:40:20,bdsl_img_no_paf,7,0.1409,0.4418,./work_dir/bdsl_img_no_paf
2026-02-05 11:45:06,bdsl_img_no_paf,9,0.1627,0.4649,./work_dir/bdsl_img_no_paf
2026-02-05 11:49:53,bdsl_img_no_paf,11,0.1729,0.4881,./work_dir/bdsl_img_no_paf
2026-02-05 11:54:39,bdsl_img_no_paf,13,0.1566,0.4806,./work_dir/bdsl_img_no_paf
2026-02-05 11:59:22,bdsl_img_no_paf,15,0.1947,0.4983,./work_dir/bdsl_img_no_paf
2026-02-05 12:04:04,bdsl_img_no_paf,17,0.1681,0.4860,./work_dir/bdsl_img_no_paf
2026-02-05 12:08:45,bdsl_img_no_paf,19,0.2035,0.5310,./work_dir/bdsl_img_no_paf
2026-02-05 12:13:27,bdsl_img_no_paf,21,0.2151,0.5534,./work_dir/bdsl_img_no_paf
2026-02-05 12:18:08,bdsl_img_no_paf,23,0.2294,0.5419,./work_dir/bdsl_img_no_paf
2026-02-05 12:22:48,bdsl_img_no_paf,25,0.2015,0.5330,./work_dir/bdsl_img_no_paf
2026-02-05 12:27:29,bdsl_img_no_paf,27,0.2308,0.5773,./work_dir/bdsl_img_no_paf
2026-02-05 12:32:09,bdsl_img_no_paf,29,0.2069,0.5378,./work_dir/bdsl_img_no_paf
2026-02-05 12:36:50,bdsl_img_no_paf,31,0.2403,0.5813,./work_dir/bdsl_img_no_paf
2026-02-05 12:41:30,bdsl_img_no_paf,33,0.2260,0.5623,./work_dir/bdsl_img_no_paf
2026-02-05 12:46:10,bdsl_img_no_paf,35,0.2335,0.5602,./work_dir/bdsl_img_no_paf
2026-02-05 12:50:51,bdsl_img_no_paf,37,0.2396,0.5916,./work_dir/bdsl_img_no_paf
2026-02-05 12:55:31,bdsl_img_no_paf,39,0.2655,0.6188,./work_dir/bdsl_img_no_paf
2026-02-05 13:00:11,bdsl_img_no_paf,41,0.2573,0.6059,./work_dir/bdsl_img_no_paf
2026-02-05 13:04:51,bdsl_img_no_paf,43,0.2716,0.6031,./work_dir/bdsl_img_no_paf
2026-02-05 13:09:32,bdsl_img_no_paf,45,0.2594,0.6133,./work_dir/bdsl_img_no_paf
2026-02-05 13:14:12,bdsl_img_no_paf,47,0.2859,0.6263,./work_dir/bdsl_img_no_paf
2026-02-05 13:18:52,bdsl_img_no_paf,49,0.2811,0.6106,./work_dir/bdsl_img_no_paf
2026-02-05 13:23:32,bdsl_img_no_paf,51,0.2920,0.6372,./work_dir/bdsl_img_no_paf
2026-02-05 13:28:13,bdsl_img_no_paf,53,0.2859,0.6059,./work_dir/bdsl_img_no_paf
2026-02-05 13:32:54,bdsl_img_no_paf,55,0.2880,0.6106,./work_dir/bdsl_img_no_paf
2026-02-05 13:37:34,bdsl_img_no_paf,57,0.2689,0.6018,./work_dir/bdsl_img_no_paf
2026-02-05 13:42:14,bdsl_img_no_paf,59,0.2703,0.6263,./work_dir/bdsl_img_no_paf
2026-02-05 13:46:55,bdsl_img_no_paf,61,0.3642,0.7039,./work_dir/bdsl_img_no_paf
2026-02-05 13:51:37,bdsl_img_no_paf,63,0.3669,0.7039,./work_dir/bdsl_img_no_paf
2026-02-05 13:56:17,bdsl_img_no_paf,65,0.3553,0.6998,./work_dir/bdsl_img_no_paf
2026-02-05 14:00:58,bdsl_img_no_paf,67,0.3710,0.7175,./work_dir/bdsl_img_no_paf
2026-02-05 14:05:41,bdsl_img_no_paf,69,0.3758,0.7107,./work_dir/bdsl_img_no_paf
2026-02-05 14:10:24,bdsl_img_no_paf,71,0.3601,0.7059,./work_dir/bdsl_img_no_paf
2026-02-05 14:15:05,bdsl_img_no_paf,73,0.3703,0.7086,./work_dir/bdsl_img_no_paf
2026-02-05 14:19:45,bdsl_img_no_paf,75,0.3594,0.7025,./work_dir/bdsl_img_no_paf
2026-02-05 14:24:25,bdsl_img_no_paf,77,0.3751,0.7148,./work_dir/bdsl_img_no_paf
2026-02-05 14:29:05,bdsl_img_no_paf,79,0.3778,0.7175,./work_dir/bdsl_img_no_paf
2026-02-05 14:33:46,bdsl_img_no_paf,81,0.3805,0.7223,./work_dir/bdsl_img_no_paf
2026-02-05 14:38:26,bdsl_img_no_paf,83,0.3826,0.7291,./work_dir/bdsl_img_no_paf
2026-02-05 14:43:07,bdsl_img_no_paf,85,0.3928,0.7406,./work_dir/bdsl_img_no_paf
2026-02-05 14:47:47,bdsl_img_no_paf,87,0.3737,0.7209,./work_dir/bdsl_img_no_paf
2026-02-05 14:52:27,bdsl_img_no_paf,89,0.3799,0.7148,./work_dir/bdsl_img_no_paf
2026-02-05 14:57:07,bdsl_img_no_paf,91,0.3839,0.7359,./work_dir/bdsl_img_no_paf
2026-02-05 15:01:48,bdsl_img_no_paf,93,0.3785,0.7161,./work_dir/bdsl_img_no_paf
2026-02-05 15:06:31,bdsl_img_no_paf,95,0.3880,0.7223,./work_dir/bdsl_img_no_paf
2026-02-05 15:11:15,bdsl_img_no_paf,97,0.3928,0.7325,./work_dir/bdsl_img_no_paf
2026-02-05 15:15:57,bdsl_img_no_paf,99,0.3860,0.7420,./work_dir/bdsl_img_no_paf
